student_id,year,grade,cohort,gender
S000001,2020,7,7A_2020,Male
S000002,2020,7,7A_2020,Female
S000003,2020,7,7A_2020,Male
S000004,2020,7,7A_2020,Male
S000005,2020,7,7A_2020,Male
S000006,2020,7,7A_2020,Female
S000007,2020,7,7A_2020,Male
S000008,2020,7,7A_2020,Male
S000009,2020,7,7A_2020,Male
S000010,2020,7,7A_2020,Female
S000011,2020,7,7A_2020,Male
S000012,2020,7,7A_2020,Male
S000013,2020,7,7A_2020,Male
S000014,2020,7,7A_2020,Male
S000015,2020,7,7A_2020,Female
S000016,2020,7,7A_2020,Male
S000017,2020,7,7A_2020,Female
S000018,2020,7,7A_2020,Female
S000019,2020,7,7A_2020,Female
S000020,2020,7,7A_2020,Male
S000021,2020,7,7A_2020,Female
S000022,2020,7,7A_2020,Male
S000023,2020,7,7A_2020,Female
S000024,2020,7,7A_2020,Female
S000025,2020,7,7A_2020,Female
S000026,2020,7,7B_2020,Female
S000027,2020,7,7B_2020,Female
S000028,2020,7,7B_2020,Female
S000029,2020,7,7B_2020,Female
S000030,2020,7,7B_2020,Female
S000031,2020,7,7B_2020,Male
S000032,2020,7,7B_2020,Male
S000033,2020,7,7B_2020,Female
S000034,2020,7,7B_2020,Female
S000035,2020,7,7B_2020,Female
S000036,2020,7,7B_2020,Male
S000037,2020,7,7B_2020,Female
S000038,2020,7,7B_2020,Male
S000039,2020,7,7B_2020,Male
S000040,2020,7,7B_2020,Male
S000041,2020,7,7B_2020,Male
S000042,2020,7,7B_2020,Male
S000043,2020,7,7B_2020,Female
S000044,2020,7,7B_2020,Female
S000045,2020,7,7B_2020,Female
S000046,2020,7,7B_2020,Female
S000047,2020,7,7B_2020,Female
S000048,2020,7,7B_2020,Male
S000049,2020,7,7B_2020,Female
S000050,2020,7,7B_2020,Female
S000051,2020,7,7C_2020,Male
S000052,2020,7,7C_2020,Female
S000053,2020,7,7C_2020,Male
S000054,2020,7,7C_2020,Female
S000055,2020,7,7C_2020,Male
S000056,2020,7,7C_2020,Female
S000057,2020,7,7C_2020,Female
S000058,2020,7,7C_2020,Male
S000059,2020,7,7C_2020,Male
S000060,2020,7,7C_2020,Male
S000061,2020,7,7C_2020,Male
S000062,2020,7,7C_2020,Male
S000063,2020,7,7C_2020,Male
S000064,2020,7,7C_2020,Male
S000065,2020,7,7C_2020,Male
S000066,2020,7,7C_2020,Female
S000067,2020,7,7C_2020,Female
S000068,2020,7,7C_2020,Male
S000069,2020,7,7C_2020,Female
S000070,2020,7,7C_2020,Female
S000071,2020,7,7C_2020,Female
S000072,2020,7,7C_2020,Female
S000073,2020,7,7C_2020,Male
S000074,2020,7,7C_2020,Female
S000075,2020,7,7C_2020,Male
S000076,2020,7,7D_2020,Female
S000077,2020,7,7D_2020,Female
S000078,2020,7,7D_2020,Female
S000079,2020,7,7D_2020,Male
S000080,2020,7,7D_2020,Female
S000081,2020,7,7D_2020,Male
S000082,2020,7,7D_2020,Female
S000083,2020,7,7D_2020,Male
S000084,2020,7,7D_2020,Female
S000085,2020,7,7D_2020,Male
S000086,2020,7,7D_2020,Male
S000087,2020,7,7D_2020,Female
S000088,2020,7,7D_2020,Male
S000089,2020,7,7D_2020,Female
S000090,2020,7,7D_2020,Female
S000091,2020,7,7D_2020,Female
S000092,2020,7,7D_2020,Female
S000093,2020,7,7D_2020,Female
S000094,2020,7,7D_2020,Female
S000095,2020,7,7D_2020,Female
S000096,2020,7,7D_2020,Female
S000097,2020,7,7D_2020,Female
S000098,2020,7,7D_2020,Female
S000099,2020,7,7D_2020,Female
S000100,2020,7,7D_2020,Male
S000101,2020,7,7E_2020,Male
S000102,2020,7,7E_2020,Female
S000103,2020,7,7E_2020,Female
S000104,2020,7,7E_2020,Female
S000105,2020,7,7E_2020,Female
S000106,2020,7,7E_2020,Female
S000107,2020,7,7E_2020,Female
S000108,2020,7,7E_2020,Female
S000109,2020,7,7E_2020,Female
S000110,2020,7,7E_2020,Male
S000111,2020,7,7E_2020,Female
S000112,2020,7,7E_2020,Male
S000113,2020,7,7E_2020,Female
S000114,2020,7,7E_2020,Female
S000115,2020,7,7E_2020,Male
S000116,2020,7,7E_2020,Female
S000117,2020,7,7E_2020,Male
S000118,2020,7,7E_2020,Female
S000119,2020,7,7E_2020,Female
S000120,2020,7,7E_2020,Male
S000121,2020,7,7E_2020,Female
S000122,2020,7,7E_2020,Male
S000123,2020,7,7E_2020,Female
S000124,2020,7,7E_2020,Male
S000125,2020,7,7E_2020,Male
S000126,2020,8,8A_2020,Female
S000127,2020,8,8A_2020,Female
S000128,2020,8,8A_2020,Male
S000129,2020,8,8A_2020,Female
S000130,2020,8,8A_2020,Female
S000131,2020,8,8A_2020,Female
S000132,2020,8,8A_2020,Male
S000133,2020,8,8A_2020,Male
S000134,2020,8,8A_2020,Male
S000135,2020,8,8A_2020,Male
S000136,2020,8,8A_2020,Male
S000137,2020,8,8A_2020,Male
S000138,2020,8,8A_2020,Male
S000139,2020,8,8A_2020,Male
S000140,2020,8,8A_2020,Male
S000141,2020,8,8A_2020,Female
S000142,2020,8,8A_2020,Male
S000143,2020,8,8A_2020,Female
S000144,2020,8,8A_2020,Female
S000145,2020,8,8A_2020,Female
S000146,2020,8,8A_2020,Male
S000147,2020,8,8A_2020,Male
S000148,2020,8,8A_2020,Male
S000149,2020,8,8A_2020,Male
S000150,2020,8,8A_2020,Female
S000151,2020,8,8B_2020,Male
S000152,2020,8,8B_2020,Male
S000153,2020,8,8B_2020,Male
S000154,2020,8,8B_2020,Male
S000155,2020,8,8B_2020,Male
S000156,2020,8,8B_2020,Female
S000157,2020,8,8B_2020,Male
S000158,2020,8,8B_2020,Female
S000159,2020,8,8B_2020,Male
S000160,2020,8,8B_2020,Female
S000161,2020,8,8B_2020,Male
S000162,2020,8,8B_2020,Male
S000163,2020,8,8B_2020,Female
S000164,2020,8,8B_2020,Female
S000165,2020,8,8B_2020,Female
S000166,2020,8,8B_2020,Male
S000167,2020,8,8B_2020,Female
S000168,2020,8,8B_2020,Male
S000169,2020,8,8B_2020,Male
S000170,2020,8,8B_2020,Female
S000171,2020,8,8B_2020,Female
S000172,2020,8,8B_2020,Male
S000173,2020,8,8B_2020,Male
S000174,2020,8,8B_2020,Female
S000175,2020,8,8B_2020,Female
S000176,2020,8,8C_2020,Female
S000177,2020,8,8C_2020,Male
S000178,2020,8,8C_2020,Male
S000179,2020,8,8C_2020,Male
S000180,2020,8,8C_2020,Male
S000181,2020,8,8C_2020,Male
S000182,2020,8,8C_2020,Male
S000183,2020,8,8C_2020,Female
S000184,2020,8,8C_2020,Male
S000185,2020,8,8C_2020,Male
S000186,2020,8,8C_2020,Male
S000187,2020,8,8C_2020,Female
S000188,2020,8,8C_2020,Male
S000189,2020,8,8C_2020,Male
S000190,2020,8,8C_2020,Female
S000191,2020,8,8C_2020,Male
S000192,2020,8,8C_2020,Male
S000193,2020,8,8C_2020,Male
S000194,2020,8,8C_2020,Male
S000195,2020,8,8C_2020,Male
S000196,2020,8,8C_2020,Female
S000197,2020,8,8C_2020,Female
S000198,2020,8,8C_2020,Female
S000199,2020,8,8C_2020,Male
S000200,2020,8,8C_2020,Male
S000201,2020,8,8D_2020,Male
S000202,2020,8,8D_2020,Female
S000203,2020,8,8D_2020,Male
S000204,2020,8,8D_2020,Male
S000205,2020,8,8D_2020,Female
S000206,2020,8,8D_2020,Male
S000207,2020,8,8D_2020,Female
S000208,2020,8,8D_2020,Female
S000209,2020,8,8D_2020,Female
S000210,2020,8,8D_2020,Male
S000211,2020,8,8D_2020,Male
S000212,2020,8,8D_2020,Male
S000213,2020,8,8D_2020,Male
S000214,2020,8,8D_2020,Male
S000215,2020,8,8D_2020,Male
S000216,2020,8,8D_2020,Male
S000217,2020,8,8D_2020,Female
S000218,2020,8,8D_2020,Male
S000219,2020,8,8D_2020,Female
S000220,2020,8,8D_2020,Male
S000221,2020,8,8D_2020,Male
S000222,2020,8,8D_2020,Male
S000223,2020,8,8D_2020,Female
S000224,2020,8,8D_2020,Female
S000225,2020,8,8D_2020,Female
S000226,2020,8,8E_2020,Female
S000227,2020,8,8E_2020,Male
S000228,2020,8,8E_2020,Female
S000229,2020,8,8E_2020,Male
S000230,2020,8,8E_2020,Male
S000231,2020,8,8E_2020,Female
S000232,2020,8,8E_2020,Female
S000233,2020,8,8E_2020,Female
S000234,2020,8,8E_2020,Female
S000235,2020,8,8E_2020,Female
S000236,2020,8,8E_2020,Female
S000237,2020,8,8E_2020,Female
S000238,2020,8,8E_2020,Female
S000239,2020,8,8E_2020,Male
S000240,2020,8,8E_2020,Female
S000241,2020,8,8E_2020,Female
S000242,2020,8,8E_2020,Male
S000243,2020,8,8E_2020,Female
S000244,2020,8,8E_2020,Male
S000245,2020,8,8E_2020,Male
S000246,2020,8,8E_2020,Female
S000247,2020,8,8E_2020,Male
S000248,2020,8,8E_2020,Male
S000249,2020,8,8E_2020,Male
S000250,2020,8,8E_2020,Male
S000251,2020,9,9A_2020,Female
S000252,2020,9,9A_2020,Male
S000253,2020,9,9A_2020,Female
S000254,2020,9,9A_2020,Male
S000255,2020,9,9A_2020,Male
S000256,2020,9,9A_2020,Male
S000257,2020,9,9A_2020,Male
S000258,2020,9,9A_2020,Female
S000259,2020,9,9A_2020,Female
S000260,2020,9,9A_2020,Male
S000261,2020,9,9A_2020,Male
S000262,2020,9,9A_2020,Female
S000263,2020,9,9A_2020,Male
S000264,2020,9,9A_2020,Male
S000265,2020,9,9A_2020,Male
S000266,2020,9,9A_2020,Female
S000267,2020,9,9A_2020,Female
S000268,2020,9,9A_2020,Female
S000269,2020,9,9A_2020,Male
S000270,2020,9,9A_2020,Male
S000271,2020,9,9A_2020,Female
S000272,2020,9,9A_2020,Female
S000273,2020,9,9A_2020,Female
S000274,2020,9,9A_2020,Female
S000275,2020,9,9A_2020,Male
S000276,2020,9,9B_2020,Female
S000277,2020,9,9B_2020,Male
S000278,2020,9,9B_2020,Female
S000279,2020,9,9B_2020,Male
S000280,2020,9,9B_2020,Female
S000281,2020,9,9B_2020,Female
S000282,2020,9,9B_2020,Female
S000283,2020,9,9B_2020,Female
S000284,2020,9,9B_2020,Male
S000285,2020,9,9B_2020,Female
S000286,2020,9,9B_2020,Male
S000287,2020,9,9B_2020,Male
S000288,2020,9,9B_2020,Male
S000289,2020,9,9B_2020,Male
S000290,2020,9,9B_2020,Female
S000291,2020,9,9B_2020,Male
S000292,2020,9,9B_2020,Male
S000293,2020,9,9B_2020,Male
S000294,2020,9,9B_2020,Female
S000295,2020,9,9B_2020,Female
S000296,2020,9,9B_2020,Female
S000297,2020,9,9B_2020,Female
S000298,2020,9,9B_2020,Male
S000299,2020,9,9B_2020,Male
S000300,2020,9,9B_2020,Female
S000301,2020,9,9C_2020,Male
S000302,2020,9,9C_2020,Male
S000303,2020,9,9C_2020,Male
S000304,2020,9,9C_2020,Female
S000305,2020,9,9C_2020,Female
S000306,2020,9,9C_2020,Male
S000307,2020,9,9C_2020,Female
S000308,2020,9,9C_2020,Female
S000309,2020,9,9C_2020,Female
S000310,2020,9,9C_2020,Female
S000311,2020,9,9C_2020,Female
S000312,2020,9,9C_2020,Male
S000313,2020,9,9C_2020,Female
S000314,2020,9,9C_2020,Male
S000315,2020,9,9C_2020,Male
S000316,2020,9,9C_2020,Female
S000317,2020,9,9C_2020,Male
S000318,2020,9,9C_2020,Male
S000319,2020,9,9C_2020,Male
S000320,2020,9,9C_2020,Female
S000321,2020,9,9C_2020,Female
S000322,2020,9,9C_2020,Male
S000323,2020,9,9C_2020,Female
S000324,2020,9,9C_2020,Female
S000325,2020,9,9C_2020,Female
S000326,2020,9,9D_2020,Female
S000327,2020,9,9D_2020,Male
S000328,2020,9,9D_2020,Male
S000329,2020,9,9D_2020,Female
S000330,2020,9,9D_2020,Female
S000331,2020,9,9D_2020,Male
S000332,2020,9,9D_2020,Male
S000333,2020,9,9D_2020,Female
S000334,2020,9,9D_2020,Male
S000335,2020,9,9D_2020,Female
S000336,2020,9,9D_2020,Female
S000337,2020,9,9D_2020,Male
S000338,2020,9,9D_2020,Male
S000339,2020,9,9D_2020,Female
S000340,2020,9,9D_2020,Female
S000341,2020,9,9D_2020,Male
S000342,2020,9,9D_2020,Female
S000343,2020,9,9D_2020,Male
S000344,2020,9,9D_2020,Female
S000345,2020,9,9D_2020,Male
S000346,2020,9,9D_2020,Male
S000347,2020,9,9D_2020,Male
S000348,2020,9,9D_2020,Female
S000349,2020,9,9D_2020,Female
S000350,2020,9,9D_2020,Male
S000351,2020,9,9E_2020,Female
S000352,2020,9,9E_2020,Male
S000353,2020,9,9E_2020,Male
S000354,2020,9,9E_2020,Female
S000355,2020,9,9E_2020,Female
S000356,2020,9,9E_2020,Male
S000357,2020,9,9E_2020,Female
S000358,2020,9,9E_2020,Female
S000359,2020,9,9E_2020,Male
S000360,2020,9,9E_2020,Male
S000361,2020,9,9E_2020,Female
S000362,2020,9,9E_2020,Male
S000363,2020,9,9E_2020,Male
S000364,2020,9,9E_2020,Female
S000365,2020,9,9E_2020,Male
S000366,2020,9,9E_2020,Male
S000367,2020,9,9E_2020,Female
S000368,2020,9,9E_2020,Female
S000369,2020,9,9E_2020,Male
S000370,2020,9,9E_2020,Male
S000371,2020,9,9E_2020,Female
S000372,2020,9,9E_2020,Female
S000373,2020,9,9E_2020,Female
S000374,2020,9,9E_2020,Female
S000375,2020,9,9E_2020,Male
S000376,2020,10,10A_2020,Female
S000377,2020,10,10A_2020,Female
S000378,2020,10,10A_2020,Male
S000379,2020,10,10A_2020,Female
S000380,2020,10,10A_2020,Male
S000381,2020,10,10A_2020,Female
S000382,2020,10,10A_2020,Female
S000383,2020,10,10A_2020,Female
S000384,2020,10,10A_2020,Male
S000385,2020,10,10A_2020,Male
S000386,2020,10,10A_2020,Female
S000387,2020,10,10A_2020,Male
S000388,2020,10,10A_2020,Male
S000389,2020,10,10A_2020,Male
S000390,2020,10,10A_2020,Male
S000391,2020,10,10A_2020,Male
S000392,2020,10,10A_2020,Male
S000393,2020,10,10A_2020,Female
S000394,2020,10,10A_2020,Female
S000395,2020,10,10A_2020,Male
S000396,2020,10,10A_2020,Female
S000397,2020,10,10A_2020,Female
S000398,2020,10,10A_2020,Female
S000399,2020,10,10A_2020,Female
S000400,2020,10,10A_2020,Male
S000401,2020,10,10B_2020,Female
S000402,2020,10,10B_2020,Female
S000403,2020,10,10B_2020,Male
S000404,2020,10,10B_2020,Male
S000405,2020,10,10B_2020,Female
S000406,2020,10,10B_2020,Female
S000407,2020,10,10B_2020,Female
S000408,2020,10,10B_2020,Female
S000409,2020,10,10B_2020,Female
S000410,2020,10,10B_2020,Female
S000411,2020,10,10B_2020,Male
S000412,2020,10,10B_2020,Female
S000413,2020,10,10B_2020,Female
S000414,2020,10,10B_2020,Male
S000415,2020,10,10B_2020,Male
S000416,2020,10,10B_2020,Male
S000417,2020,10,10B_2020,Male
S000418,2020,10,10B_2020,Female
S000419,2020,10,10B_2020,Female
S000420,2020,10,10B_2020,Female
S000421,2020,10,10B_2020,Female
S000422,2020,10,10B_2020,Female
S000423,2020,10,10B_2020,Female
S000424,2020,10,10B_2020,Male
S000425,2020,10,10B_2020,Female
S000426,2020,10,10C_2020,Male
S000427,2020,10,10C_2020,Male
S000428,2020,10,10C_2020,Female
S000429,2020,10,10C_2020,Male
S000430,2020,10,10C_2020,Female
S000431,2020,10,10C_2020,Male
S000432,2020,10,10C_2020,Female
S000433,2020,10,10C_2020,Male
S000434,2020,10,10C_2020,Female
S000435,2020,10,10C_2020,Female
S000436,2020,10,10C_2020,Female
S000437,2020,10,10C_2020,Female
S000438,2020,10,10C_2020,Female
S000439,2020,10,10C_2020,Male
S000440,2020,10,10C_2020,Male
S000441,2020,10,10C_2020,Male
S000442,2020,10,10C_2020,Female
S000443,2020,10,10C_2020,Male
S000444,2020,10,10C_2020,Female
S000445,2020,10,10C_2020,Female
S000446,2020,10,10C_2020,Male
S000447,2020,10,10C_2020,Male
S000448,2020,10,10C_2020,Female
S000449,2020,10,10C_2020,Male
S000450,2020,10,10C_2020,Female
S000451,2020,10,10D_2020,Female
S000452,2020,10,10D_2020,Female
S000453,2020,10,10D_2020,Female
S000454,2020,10,10D_2020,Female
S000455,2020,10,10D_2020,Male
S000456,2020,10,10D_2020,Male
S000457,2020,10,10D_2020,Female
S000458,2020,10,10D_2020,Female
S000459,2020,10,10D_2020,Male
S000460,2020,10,10D_2020,Male
S000461,2020,10,10D_2020,Female
S000462,2020,10,10D_2020,Male
S000463,2020,10,10D_2020,Female
S000464,2020,10,10D_2020,Male
S000465,2020,10,10D_2020,Female
S000466,2020,10,10D_2020,Male
S000467,2020,10,10D_2020,Female
S000468,2020,10,10D_2020,Male
S000469,2020,10,10D_2020,Male
S000470,2020,10,10D_2020,Female
S000471,2020,10,10D_2020,Male
S000472,2020,10,10D_2020,Female
S000473,2020,10,10D_2020,Male
S000474,2020,10,10D_2020,Female
S000475,2020,10,10D_2020,Male
S000476,2020,10,10E_2020,Female
S000477,2020,10,10E_2020,Male
S000478,2020,10,10E_2020,Female
S000479,2020,10,10E_2020,Male
S000480,2020,10,10E_2020,Female
S000481,2020,10,10E_2020,Female
S000482,2020,10,10E_2020,Female
S000483,2020,10,10E_2020,Male
S000484,2020,10,10E_2020,Female
S000485,2020,10,10E_2020,Male
S000486,2020,10,10E_2020,Female
S000487,2020,10,10E_2020,Male
S000488,2020,10,10E_2020,Female
S000489,2020,10,10E_2020,Male
S000490,2020,10,10E_2020,Male
S000491,2020,10,10E_2020,Female
S000492,2020,10,10E_2020,Male
S000493,2020,10,10E_2020,Male
S000494,2020,10,10E_2020,Female
S000495,2020,10,10E_2020,Male
S000496,2020,10,10E_2020,Male
S000497,2020,10,10E_2020,Male
S000498,2020,10,10E_2020,Female
S000499,2020,10,10E_2020,Male
S000500,2020,10,10E_2020,Female
S000501,2020,11,11A_2020,Male
S000502,2020,11,11A_2020,Male
S000503,2020,11,11A_2020,Male
S000504,2020,11,11A_2020,Female
S000505,2020,11,11A_2020,Male
S000506,2020,11,11A_2020,Male
S000507,2020,11,11A_2020,Female
S000508,2020,11,11A_2020,Male
S000509,2020,11,11A_2020,Female
S000510,2020,11,11A_2020,Female
S000511,2020,11,11A_2020,Male
S000512,2020,11,11A_2020,Female
S000513,2020,11,11A_2020,Male
S000514,2020,11,11A_2020,Female
S000515,2020,11,11A_2020,Female
S000516,2020,11,11A_2020,Male
S000517,2020,11,11A_2020,Female
S000518,2020,11,11A_2020,Female
S000519,2020,11,11A_2020,Female
S000520,2020,11,11A_2020,Female
S000521,2020,11,11A_2020,Female
S000522,2020,11,11A_2020,Male
S000523,2020,11,11A_2020,Female
S000524,2020,11,11A_2020,Male
S000525,2020,11,11A_2020,Female
S000526,2020,11,11B_2020,Male
S000527,2020,11,11B_2020,Male
S000528,2020,11,11B_2020,Female
S000529,2020,11,11B_2020,Female
S000530,2020,11,11B_2020,Female
S000531,2020,11,11B_2020,Male
S000532,2020,11,11B_2020,Female
S000533,2020,11,11B_2020,Male
S000534,2020,11,11B_2020,Male
S000535,2020,11,11B_2020,Male
S000536,2020,11,11B_2020,Female
S000537,2020,11,11B_2020,Female
S000538,2020,11,11B_2020,Male
S000539,2020,11,11B_2020,Male
S000540,2020,11,11B_2020,Female
S000541,2020,11,11B_2020,Male
S000542,2020,11,11B_2020,Female
S000543,2020,11,11B_2020,Male
S000544,2020,11,11B_2020,Female
S000545,2020,11,11B_2020,Male
S000546,2020,11,11B_2020,Female
S000547,2020,11,11B_2020,Male
S000548,2020,11,11B_2020,Female
S000549,2020,11,11B_2020,Female
S000550,2020,11,11B_2020,Male
S000551,2020,11,11C_2020,Male
S000552,2020,11,11C_2020,Female
S000553,2020,11,11C_2020,Male
S000554,2020,11,11C_2020,Female
S000555,2020,11,11C_2020,Male
S000556,2020,11,11C_2020,Female
S000557,2020,11,11C_2020,Female
S000558,2020,11,11C_2020,Female
S000559,2020,11,11C_2020,Female
S000560,2020,11,11C_2020,Female
S000561,2020,11,11C_2020,Female
S000562,2020,11,11C_2020,Male
S000563,2020,11,11C_2020,Male
S000564,2020,11,11C_2020,Male
S000565,2020,11,11C_2020,Female
S000566,2020,11,11C_2020,Female
S000567,2020,11,11C_2020,Female
S000568,2020,11,11C_2020,Female
S000569,2020,11,11C_2020,Male
S000570,2020,11,11C_2020,Male
S000571,2020,11,11C_2020,Female
S000572,2020,11,11C_2020,Male
S000573,2020,11,11C_2020,Male
S000574,2020,11,11C_2020,Female
S000575,2020,11,11C_2020,Male
S000576,2020,11,11D_2020,Female
S000577,2020,11,11D_2020,Male
S000578,2020,11,11D_2020,Female
S000579,2020,11,11D_2020,Female
S000580,2020,11,11D_2020,Female
S000581,2020,11,11D_2020,Female
S000582,2020,11,11D_2020,Male
S000583,2020,11,11D_2020,Female
S000584,2020,11,11D_2020,Female
S000585,2020,11,11D_2020,Female
S000586,2020,11,11D_2020,Male
S000587,2020,11,11D_2020,Female
S000588,2020,11,11D_2020,Male
S000589,2020,11,11D_2020,Female
S000590,2020,11,11D_2020,Male
S000591,2020,11,11D_2020,Male
S000592,2020,11,11D_2020,Female
S000593,2020,11,11D_2020,Male
S000594,2020,11,11D_2020,Female
S000595,2020,11,11D_2020,Female
S000596,2020,11,11D_2020,Female
S000597,2020,11,11D_2020,Male
S000598,2020,11,11D_2020,Male
S000599,2020,11,11D_2020,Female
S000600,2020,11,11D_2020,Female
S000601,2020,11,11E_2020,Male
S000602,2020,11,11E_2020,Female
S000603,2020,11,11E_2020,Female
S000604,2020,11,11E_2020,Female
S000605,2020,11,11E_2020,Male
S000606,2020,11,11E_2020,Male
S000607,2020,11,11E_2020,Male
S000608,2020,11,11E_2020,Female
S000609,2020,11,11E_2020,Female
S000610,2020,11,11E_2020,Female
S000611,2020,11,11E_2020,Male
S000612,2020,11,11E_2020,Female
S000613,2020,11,11E_2020,Female
S000614,2020,11,11E_2020,Female
S000615,2020,11,11E_2020,Female
S000616,2020,11,11E_2020,Male
S000617,2020,11,11E_2020,Male
S000618,2020,11,11E_2020,Female
S000619,2020,11,11E_2020,Male
S000620,2020,11,11E_2020,Male
S000621,2020,11,11E_2020,Female
S000622,2020,11,11E_2020,Female
S000623,2020,11,11E_2020,Male
S000624,2020,11,11E_2020,Female
S000625,2020,11,11E_2020,Male
S000626,2020,12,12A_2020,Female
S000627,2020,12,12A_2020,Male
S000628,2020,12,12A_2020,Female
S000629,2020,12,12A_2020,Male
S000630,2020,12,12A_2020,Male
S000631,2020,12,12A_2020,Male
S000632,2020,12,12A_2020,Female
S000633,2020,12,12A_2020,Male
S000634,2020,12,12A_2020,Male
S000635,2020,12,12A_2020,Female
S000636,2020,12,12A_2020,Female
S000637,2020,12,12A_2020,Male
S000638,2020,12,12A_2020,Male
S000639,2020,12,12A_2020,Female
S000640,2020,12,12A_2020,Female
S000641,2020,12,12A_2020,Female
S000642,2020,12,12A_2020,Female
S000643,2020,12,12A_2020,Female
S000644,2020,12,12A_2020,Male
S000645,2020,12,12A_2020,Female
S000646,2020,12,12A_2020,Male
S000647,2020,12,12A_2020,Male
S000648,2020,12,12A_2020,Male
S000649,2020,12,12A_2020,Female
S000650,2020,12,12A_2020,Male
S000651,2020,12,12B_2020,Male
S000652,2020,12,12B_2020,Female
S000653,2020,12,12B_2020,Male
S000654,2020,12,12B_2020,Male
S000655,2020,12,12B_2020,Female
S000656,2020,12,12B_2020,Male
S000657,2020,12,12B_2020,Male
S000658,2020,12,12B_2020,Male
S000659,2020,12,12B_2020,Female
S000660,2020,12,12B_2020,Female
S000661,2020,12,12B_2020,Female
S000662,2020,12,12B_2020,Male
S000663,2020,12,12B_2020,Male
S000664,2020,12,12B_2020,Female
S000665,2020,12,12B_2020,Male
S000666,2020,12,12B_2020,Male
S000667,2020,12,12B_2020,Female
S000668,2020,12,12B_2020,Female
S000669,2020,12,12B_2020,Male
S000670,2020,12,12B_2020,Male
S000671,2020,12,12B_2020,Male
S000672,2020,12,12B_2020,Female
S000673,2020,12,12B_2020,Female
S000674,2020,12,12B_2020,Female
S000675,2020,12,12B_2020,Female
S000676,2020,12,12C_2020,Male
S000677,2020,12,12C_2020,Female
S000678,2020,12,12C_2020,Female
S000679,2020,12,12C_2020,Female
S000680,2020,12,12C_2020,Female
S000681,2020,12,12C_2020,Female
S000682,2020,12,12C_2020,Male
S000683,2020,12,12C_2020,Male
S000684,2020,12,12C_2020,Female
S000685,2020,12,12C_2020,Male
S000686,2020,12,12C_2020,Female
S000687,2020,12,12C_2020,Female
S000688,2020,12,12C_2020,Male
S000689,2020,12,12C_2020,Male
S000690,2020,12,12C_2020,Female
S000691,2020,12,12C_2020,Female
S000692,2020,12,12C_2020,Female
S000693,2020,12,12C_2020,Male
S000694,2020,12,12C_2020,Female
S000695,2020,12,12C_2020,Female
S000696,2020,12,12C_2020,Female
S000697,2020,12,12C_2020,Male
S000698,2020,12,12C_2020,Female
S000699,2020,12,12C_2020,Female
S000700,2020,12,12C_2020,Male
S000701,2020,12,12D_2020,Female
S000702,2020,12,12D_2020,Female
S000703,2020,12,12D_2020,Male
S000704,2020,12,12D_2020,Female
S000705,2020,12,12D_2020,Male
S000706,2020,12,12D_2020,Male
S000707,2020,12,12D_2020,Female
S000708,2020,12,12D_2020,Female
S000709,2020,12,12D_2020,Female
S000710,2020,12,12D_2020,Female
S000711,2020,12,12D_2020,Male
S000712,2020,12,12D_2020,Female
S000713,2020,12,12D_2020,Male
S000714,2020,12,12D_2020,Female
S000715,2020,12,12D_2020,Female
S000716,2020,12,12D_2020,Female
S000717,2020,12,12D_2020,Male
S000718,2020,12,12D_2020,Female
S000719,2020,12,12D_2020,Female
S000720,2020,12,12D_2020,Female
S000721,2020,12,12D_2020,Female
S000722,2020,12,12D_2020,Male
S000723,2020,12,12D_2020,Female
S000724,2020,12,12D_2020,Male
S000725,2020,12,12D_2020,Male
S000726,2020,12,12E_2020,Male
S000727,2020,12,12E_2020,Male
S000728,2020,12,12E_2020,Male
S000729,2020,12,12E_2020,Male
S000730,2020,12,12E_2020,Female
S000731,2020,12,12E_2020,Male
S000732,2020,12,12E_2020,Male
S000733,2020,12,12E_2020,Male
S000734,2020,12,12E_2020,Female
S000735,2020,12,12E_2020,Female
S000736,2020,12,12E_2020,Male
S000737,2020,12,12E_2020,Female
S000738,2020,12,12E_2020,Male
S000739,2020,12,12E_2020,Male
S000740,2020,12,12E_2020,Female
S000741,2020,12,12E_2020,Male
S000742,2020,12,12E_2020,Female
S000743,2020,12,12E_2020,Female
S000744,2020,12,12E_2020,Male
S000745,2020,12,12E_2020,Male
S000746,2020,12,12E_2020,Female
S000747,2020,12,12E_2020,Male
S000748,2020,12,12E_2020,Male
S000749,2020,12,12E_2020,Male
S000750,2020,12,12E_2020,Female
S000751,2021,7,7A_2021,Female
S000752,2021,7,7A_2021,Male
S000753,2021,7,7A_2021,Female
S000754,2021,7,7A_2021,Female
S000755,2021,7,7A_2021,Female
S000756,2021,7,7A_2021,Female
S000757,2021,7,7A_2021,Female
S000758,2021,7,7A_2021,Male
S000759,2021,7,7A_2021,Male
S000760,2021,7,7A_2021,Male
S000761,2021,7,7A_2021,Female
S000762,2021,7,7A_2021,Female
S000763,2021,7,7A_2021,Male
S000764,2021,7,7A_2021,Female
S000765,2021,7,7A_2021,Male
S000766,2021,7,7A_2021,Male
S000767,2021,7,7A_2021,Male
S000768,2021,7,7A_2021,Female
S000769,2021,7,7A_2021,Female
S000770,2021,7,7A_2021,Male
S000771,2021,7,7A_2021,Male
S000772,2021,7,7A_2021,Male
S000773,2021,7,7A_2021,Male
S000774,2021,7,7A_2021,Female
S000775,2021,7,7A_2021,Female
S000776,2021,7,7B_2021,Male
S000777,2021,7,7B_2021,Male
S000778,2021,7,7B_2021,Female
S000779,2021,7,7B_2021,Female
S000780,2021,7,7B_2021,Male
S000781,2021,7,7B_2021,Male
S000782,2021,7,7B_2021,Male
S000783,2021,7,7B_2021,Female
S000784,2021,7,7B_2021,Female
S000785,2021,7,7B_2021,Female
S000786,2021,7,7B_2021,Male
S000787,2021,7,7B_2021,Male
S000788,2021,7,7B_2021,Female
S000789,2021,7,7B_2021,Female
S000790,2021,7,7B_2021,Male
S000791,2021,7,7B_2021,Female
S000792,2021,7,7B_2021,Female
S000793,2021,7,7B_2021,Male
S000794,2021,7,7B_2021,Female
S000795,2021,7,7B_2021,Male
S000796,2021,7,7B_2021,Male
S000797,2021,7,7B_2021,Male
S000798,2021,7,7B_2021,Male
S000799,2021,7,7B_2021,Male
S000800,2021,7,7B_2021,Male
S000801,2021,7,7C_2021,Male
S000802,2021,7,7C_2021,Female
S000803,2021,7,7C_2021,Male
S000804,2021,7,7C_2021,Male
S000805,2021,7,7C_2021,Female
S000806,2021,7,7C_2021,Female
S000807,2021,7,7C_2021,Female
S000808,2021,7,7C_2021,Male
S000809,2021,7,7C_2021,Female
S000810,2021,7,7C_2021,Male
S000811,2021,7,7C_2021,Male
S000812,2021,7,7C_2021,Male
S000813,2021,7,7C_2021,Male
S000814,2021,7,7C_2021,Female
S000815,2021,7,7C_2021,Female
S000816,2021,7,7C_2021,Male
S000817,2021,7,7C_2021,Male
S000818,2021,7,7C_2021,Male
S000819,2021,7,7C_2021,Female
S000820,2021,7,7C_2021,Male
S000821,2021,7,7C_2021,Male
S000822,2021,7,7C_2021,Female
S000823,2021,7,7C_2021,Female
S000824,2021,7,7C_2021,Male
S000825,2021,7,7C_2021,Female
S000826,2021,7,7D_2021,Female
S000827,2021,7,7D_2021,Male
S000828,2021,7,7D_2021,Female
S000829,2021,7,7D_2021,Male
S000830,2021,7,7D_2021,Female
S000831,2021,7,7D_2021,Male
S000832,2021,7,7D_2021,Male
S000833,2021,7,7D_2021,Male
S000834,2021,7,7D_2021,Female
S000835,2021,7,7D_2021,Male
S000836,2021,7,7D_2021,Female
S000837,2021,7,7D_2021,Male
S000838,2021,7,7D_2021,Male
S000839,2021,7,7D_2021,Female
S000840,2021,7,7D_2021,Male
S000841,2021,7,7D_2021,Male
S000842,2021,7,7D_2021,Female
S000843,2021,7,7D_2021,Male
S000844,2021,7,7D_2021,Male
S000845,2021,7,7D_2021,Male
S000846,2021,7,7D_2021,Male
S000847,2021,7,7D_2021,Female
S000848,2021,7,7D_2021,Female
S000849,2021,7,7D_2021,Male
S000850,2021,7,7D_2021,Female
S000851,2021,7,7E_2021,Male
S000852,2021,7,7E_2021,Female
S000853,2021,7,7E_2021,Male
S000854,2021,7,7E_2021,Male
S000855,2021,7,7E_2021,Male
S000856,2021,7,7E_2021,Male
S000857,2021,7,7E_2021,Male
S000858,2021,7,7E_2021,Male
S000859,2021,7,7E_2021,Female
S000860,2021,7,7E_2021,Male
S000861,2021,7,7E_2021,Female
S000862,2021,7,7E_2021,Male
S000863,2021,7,7E_2021,Female
S000864,2021,7,7E_2021,Female
S000865,2021,7,7E_2021,Female
S000866,2021,7,7E_2021,Male
S000867,2021,7,7E_2021,Male
S000868,2021,7,7E_2021,Female
S000869,2021,7,7E_2021,Male
S000870,2021,7,7E_2021,Female
S000871,2021,7,7E_2021,Male
S000872,2021,7,7E_2021,Female
S000873,2021,7,7E_2021,Female
S000874,2021,7,7E_2021,Male
S000875,2021,7,7E_2021,Female
S000876,2021,8,8A_2021,Male
S000877,2021,8,8A_2021,Female
S000878,2021,8,8A_2021,Female
S000879,2021,8,8A_2021,Male
S000880,2021,8,8A_2021,Male
S000881,2021,8,8A_2021,Male
S000882,2021,8,8A_2021,Female
S000883,2021,8,8A_2021,Male
S000884,2021,8,8A_2021,Female
S000885,2021,8,8A_2021,Female
S000886,2021,8,8A_2021,Male
S000887,2021,8,8A_2021,Male
S000888,2021,8,8A_2021,Female
S000889,2021,8,8A_2021,Female
S000890,2021,8,8A_2021,Male
S000891,2021,8,8A_2021,Male
S000892,2021,8,8A_2021,Male
S000893,2021,8,8A_2021,Male
S000894,2021,8,8A_2021,Male
S000895,2021,8,8A_2021,Female
S000896,2021,8,8A_2021,Female
S000897,2021,8,8A_2021,Female
S000898,2021,8,8A_2021,Female
S000899,2021,8,8A_2021,Male
S000900,2021,8,8A_2021,Male
S000901,2021,8,8B_2021,Male
S000902,2021,8,8B_2021,Female
S000903,2021,8,8B_2021,Female
S000904,2021,8,8B_2021,Male
S000905,2021,8,8B_2021,Male
S000906,2021,8,8B_2021,Female
S000907,2021,8,8B_2021,Female
S000908,2021,8,8B_2021,Male
S000909,2021,8,8B_2021,Male
S000910,2021,8,8B_2021,Female
S000911,2021,8,8B_2021,Male
S000912,2021,8,8B_2021,Male
S000913,2021,8,8B_2021,Male
S000914,2021,8,8B_2021,Female
S000915,2021,8,8B_2021,Female
S000916,2021,8,8B_2021,Female
S000917,2021,8,8B_2021,Female
S000918,2021,8,8B_2021,Female
S000919,2021,8,8B_2021,Female
S000920,2021,8,8B_2021,Female
S000921,2021,8,8B_2021,Male
S000922,2021,8,8B_2021,Male
S000923,2021,8,8B_2021,Male
S000924,2021,8,8B_2021,Male
S000925,2021,8,8B_2021,Male
S000926,2021,8,8C_2021,Male
S000927,2021,8,8C_2021,Male
S000928,2021,8,8C_2021,Female
S000929,2021,8,8C_2021,Female
S000930,2021,8,8C_2021,Male
S000931,2021,8,8C_2021,Male
S000932,2021,8,8C_2021,Female
S000933,2021,8,8C_2021,Male
S000934,2021,8,8C_2021,Male
S000935,2021,8,8C_2021,Female
S000936,2021,8,8C_2021,Male
S000937,2021,8,8C_2021,Female
S000938,2021,8,8C_2021,Male
S000939,2021,8,8C_2021,Female
S000940,2021,8,8C_2021,Female
S000941,2021,8,8C_2021,Female
S000942,2021,8,8C_2021,Male
S000943,2021,8,8C_2021,Female
S000944,2021,8,8C_2021,Male
S000945,2021,8,8C_2021,Male
S000946,2021,8,8C_2021,Male
S000947,2021,8,8C_2021,Male
S000948,2021,8,8C_2021,Female
S000949,2021,8,8C_2021,Female
S000950,2021,8,8C_2021,Male
S000951,2021,8,8D_2021,Male
S000952,2021,8,8D_2021,Female
S000953,2021,8,8D_2021,Male
S000954,2021,8,8D_2021,Female
S000955,2021,8,8D_2021,Male
S000956,2021,8,8D_2021,Male
S000957,2021,8,8D_2021,Female
S000958,2021,8,8D_2021,Male
S000959,2021,8,8D_2021,Female
S000960,2021,8,8D_2021,Male
S000961,2021,8,8D_2021,Male
S000962,2021,8,8D_2021,Male
S000963,2021,8,8D_2021,Female
S000964,2021,8,8D_2021,Male
S000965,2021,8,8D_2021,Male
S000966,2021,8,8D_2021,Male
S000967,2021,8,8D_2021,Male
S000968,2021,8,8D_2021,Female
S000969,2021,8,8D_2021,Female
S000970,2021,8,8D_2021,Male
S000971,2021,8,8D_2021,Female
S000972,2021,8,8D_2021,Male
S000973,2021,8,8D_2021,Male
S000974,2021,8,8D_2021,Male
S000975,2021,8,8D_2021,Female
S000976,2021,8,8E_2021,Female
S000977,2021,8,8E_2021,Female
S000978,2021,8,8E_2021,Female
S000979,2021,8,8E_2021,Female
S000980,2021,8,8E_2021,Female
S000981,2021,8,8E_2021,Female
S000982,2021,8,8E_2021,Female
S000983,2021,8,8E_2021,Female
S000984,2021,8,8E_2021,Male
S000985,2021,8,8E_2021,Female
S000986,2021,8,8E_2021,Female
S000987,2021,8,8E_2021,Female
S000988,2021,8,8E_2021,Female
S000989,2021,8,8E_2021,Female
S000990,2021,8,8E_2021,Female
S000991,2021,8,8E_2021,Female
S000992,2021,8,8E_2021,Female
S000993,2021,8,8E_2021,Female
S000994,2021,8,8E_2021,Female
S000995,2021,8,8E_2021,Female
S000996,2021,8,8E_2021,Male
S000997,2021,8,8E_2021,Male
S000998,2021,8,8E_2021,Female
S000999,2021,8,8E_2021,Female
S001000,2021,8,8E_2021,Male
S001001,2021,9,9A_2021,Female
S001002,2021,9,9A_2021,Male
S001003,2021,9,9A_2021,Male
S001004,2021,9,9A_2021,Male
S001005,2021,9,9A_2021,Male
S001006,2021,9,9A_2021,Male
S001007,2021,9,9A_2021,Female
S001008,2021,9,9A_2021,Male
S001009,2021,9,9A_2021,Female
S001010,2021,9,9A_2021,Female
S001011,2021,9,9A_2021,Male
S001012,2021,9,9A_2021,Male
S001013,2021,9,9A_2021,Female
S001014,2021,9,9A_2021,Male
S001015,2021,9,9A_2021,Male
S001016,2021,9,9A_2021,Female
S001017,2021,9,9A_2021,Female
S001018,2021,9,9A_2021,Male
S001019,2021,9,9A_2021,Female
S001020,2021,9,9A_2021,Male
S001021,2021,9,9A_2021,Male
S001022,2021,9,9A_2021,Male
S001023,2021,9,9A_2021,Female
S001024,2021,9,9A_2021,Female
S001025,2021,9,9A_2021,Female
S001026,2021,9,9B_2021,Female
S001027,2021,9,9B_2021,Female
S001028,2021,9,9B_2021,Male
S001029,2021,9,9B_2021,Male
S001030,2021,9,9B_2021,Male
S001031,2021,9,9B_2021,Male
S001032,2021,9,9B_2021,Female
S001033,2021,9,9B_2021,Male
S001034,2021,9,9B_2021,Female
S001035,2021,9,9B_2021,Male
S001036,2021,9,9B_2021,Female
S001037,2021,9,9B_2021,Female
S001038,2021,9,9B_2021,Male
S001039,2021,9,9B_2021,Male
S001040,2021,9,9B_2021,Male
S001041,2021,9,9B_2021,Male
S001042,2021,9,9B_2021,Female
S001043,2021,9,9B_2021,Male
S001044,2021,9,9B_2021,Male
S001045,2021,9,9B_2021,Female
S001046,2021,9,9B_2021,Male
S001047,2021,9,9B_2021,Male
S001048,2021,9,9B_2021,Male
S001049,2021,9,9B_2021,Male
S001050,2021,9,9B_2021,Male
S001051,2021,9,9C_2021,Female
S001052,2021,9,9C_2021,Male
S001053,2021,9,9C_2021,Male
S001054,2021,9,9C_2021,Male
S001055,2021,9,9C_2021,Male
S001056,2021,9,9C_2021,Male
S001057,2021,9,9C_2021,Female
S001058,2021,9,9C_2021,Male
S001059,2021,9,9C_2021,Female
S001060,2021,9,9C_2021,Female
S001061,2021,9,9C_2021,Male
S001062,2021,9,9C_2021,Male
S001063,2021,9,9C_2021,Male
S001064,2021,9,9C_2021,Male
S001065,2021,9,9C_2021,Female
S001066,2021,9,9C_2021,Male
S001067,2021,9,9C_2021,Male
S001068,2021,9,9C_2021,Male
S001069,2021,9,9C_2021,Male
S001070,2021,9,9C_2021,Male
S001071,2021,9,9C_2021,Male
S001072,2021,9,9C_2021,Female
S001073,2021,9,9C_2021,Female
S001074,2021,9,9C_2021,Male
S001075,2021,9,9C_2021,Male
S001076,2021,9,9D_2021,Male
S001077,2021,9,9D_2021,Female
S001078,2021,9,9D_2021,Male
S001079,2021,9,9D_2021,Female
S001080,2021,9,9D_2021,Male
S001081,2021,9,9D_2021,Male
S001082,2021,9,9D_2021,Male
S001083,2021,9,9D_2021,Male
S001084,2021,9,9D_2021,Female
S001085,2021,9,9D_2021,Female
S001086,2021,9,9D_2021,Male
S001087,2021,9,9D_2021,Male
S001088,2021,9,9D_2021,Female
S001089,2021,9,9D_2021,Female
S001090,2021,9,9D_2021,Female
S001091,2021,9,9D_2021,Female
S001092,2021,9,9D_2021,Male
S001093,2021,9,9D_2021,Female
S001094,2021,9,9D_2021,Male
S001095,2021,9,9D_2021,Female
S001096,2021,9,9D_2021,Female
S001097,2021,9,9D_2021,Female
S001098,2021,9,9D_2021,Female
S001099,2021,9,9D_2021,Female
S001100,2021,9,9D_2021,Male
S001101,2021,9,9E_2021,Male
S001102,2021,9,9E_2021,Female
S001103,2021,9,9E_2021,Female
S001104,2021,9,9E_2021,Male
S001105,2021,9,9E_2021,Female
S001106,2021,9,9E_2021,Female
S001107,2021,9,9E_2021,Male
S001108,2021,9,9E_2021,Female
S001109,2021,9,9E_2021,Female
S001110,2021,9,9E_2021,Male
S001111,2021,9,9E_2021,Male
S001112,2021,9,9E_2021,Male
S001113,2021,9,9E_2021,Female
S001114,2021,9,9E_2021,Male
S001115,2021,9,9E_2021,Male
S001116,2021,9,9E_2021,Male
S001117,2021,9,9E_2021,Male
S001118,2021,9,9E_2021,Male
S001119,2021,9,9E_2021,Male
S001120,2021,9,9E_2021,Female
S001121,2021,9,9E_2021,Female
S001122,2021,9,9E_2021,Male
S001123,2021,9,9E_2021,Male
S001124,2021,9,9E_2021,Male
S001125,2021,9,9E_2021,Female
S001126,2021,10,10A_2021,Female
S001127,2021,10,10A_2021,Female
S001128,2021,10,10A_2021,Female
S001129,2021,10,10A_2021,Female
S001130,2021,10,10A_2021,Female
S001131,2021,10,10A_2021,Female
S001132,2021,10,10A_2021,Female
S001133,2021,10,10A_2021,Female
S001134,2021,10,10A_2021,Male
S001135,2021,10,10A_2021,Male
S001136,2021,10,10A_2021,Male
S001137,2021,10,10A_2021,Male
S001138,2021,10,10A_2021,Female
S001139,2021,10,10A_2021,Female
S001140,2021,10,10A_2021,Male
S001141,2021,10,10A_2021,Female
S001142,2021,10,10A_2021,Male
S001143,2021,10,10A_2021,Female
S001144,2021,10,10A_2021,Male
S001145,2021,10,10A_2021,Female
S001146,2021,10,10A_2021,Female
S001147,2021,10,10A_2021,Male
S001148,2021,10,10A_2021,Female
S001149,2021,10,10A_2021,Male
S001150,2021,10,10A_2021,Male
S001151,2021,10,10B_2021,Male
S001152,2021,10,10B_2021,Male
S001153,2021,10,10B_2021,Female
S001154,2021,10,10B_2021,Female
S001155,2021,10,10B_2021,Female
S001156,2021,10,10B_2021,Male
S001157,2021,10,10B_2021,Female
S001158,2021,10,10B_2021,Male
S001159,2021,10,10B_2021,Female
S001160,2021,10,10B_2021,Female
S001161,2021,10,10B_2021,Female
S001162,2021,10,10B_2021,Male
S001163,2021,10,10B_2021,Female
S001164,2021,10,10B_2021,Female
S001165,2021,10,10B_2021,Male
S001166,2021,10,10B_2021,Female
S001167,2021,10,10B_2021,Male
S001168,2021,10,10B_2021,Female
S001169,2021,10,10B_2021,Male
S001170,2021,10,10B_2021,Male
S001171,2021,10,10B_2021,Female
S001172,2021,10,10B_2021,Male
S001173,2021,10,10B_2021,Male
S001174,2021,10,10B_2021,Male
S001175,2021,10,10B_2021,Male
S001176,2021,10,10C_2021,Male
S001177,2021,10,10C_2021,Male
S001178,2021,10,10C_2021,Female
S001179,2021,10,10C_2021,Male
S001180,2021,10,10C_2021,Male
S001181,2021,10,10C_2021,Female
S001182,2021,10,10C_2021,Female
S001183,2021,10,10C_2021,Female
S001184,2021,10,10C_2021,Female
S001185,2021,10,10C_2021,Female
S001186,2021,10,10C_2021,Female
S001187,2021,10,10C_2021,Female
S001188,2021,10,10C_2021,Male
S001189,2021,10,10C_2021,Male
S001190,2021,10,10C_2021,Female
S001191,2021,10,10C_2021,Male
S001192,2021,10,10C_2021,Male
S001193,2021,10,10C_2021,Male
S001194,2021,10,10C_2021,Female
S001195,2021,10,10C_2021,Female
S001196,2021,10,10C_2021,Male
S001197,2021,10,10C_2021,Female
S001198,2021,10,10C_2021,Male
S001199,2021,10,10C_2021,Male
S001200,2021,10,10C_2021,Male
S001201,2021,10,10D_2021,Male
S001202,2021,10,10D_2021,Female
S001203,2021,10,10D_2021,Female
S001204,2021,10,10D_2021,Female
S001205,2021,10,10D_2021,Male
S001206,2021,10,10D_2021,Female
S001207,2021,10,10D_2021,Male
S001208,2021,10,10D_2021,Female
S001209,2021,10,10D_2021,Male
S001210,2021,10,10D_2021,Male
S001211,2021,10,10D_2021,Male
S001212,2021,10,10D_2021,Female
S001213,2021,10,10D_2021,Female
S001214,2021,10,10D_2021,Female
S001215,2021,10,10D_2021,Female
S001216,2021,10,10D_2021,Male
S001217,2021,10,10D_2021,Female
S001218,2021,10,10D_2021,Female
S001219,2021,10,10D_2021,Male
S001220,2021,10,10D_2021,Male
S001221,2021,10,10D_2021,Male
S001222,2021,10,10D_2021,Female
S001223,2021,10,10D_2021,Male
S001224,2021,10,10D_2021,Male
S001225,2021,10,10D_2021,Male
S001226,2021,10,10E_2021,Female
S001227,2021,10,10E_2021,Male
S001228,2021,10,10E_2021,Female
S001229,2021,10,10E_2021,Female
S001230,2021,10,10E_2021,Male
S001231,2021,10,10E_2021,Male
S001232,2021,10,10E_2021,Female
S001233,2021,10,10E_2021,Male
S001234,2021,10,10E_2021,Male
S001235,2021,10,10E_2021,Female
S001236,2021,10,10E_2021,Female
S001237,2021,10,10E_2021,Male
S001238,2021,10,10E_2021,Female
S001239,2021,10,10E_2021,Male
S001240,2021,10,10E_2021,Male
S001241,2021,10,10E_2021,Male
S001242,2021,10,10E_2021,Female
S001243,2021,10,10E_2021,Male
S001244,2021,10,10E_2021,Male
S001245,2021,10,10E_2021,Male
S001246,2021,10,10E_2021,Female
S001247,2021,10,10E_2021,Female
S001248,2021,10,10E_2021,Female
S001249,2021,10,10E_2021,Female
S001250,2021,10,10E_2021,Female
S001251,2021,11,11A_2021,Male
S001252,2021,11,11A_2021,Female
S001253,2021,11,11A_2021,Female
S001254,2021,11,11A_2021,Female
S001255,2021,11,11A_2021,Male
S001256,2021,11,11A_2021,Female
S001257,2021,11,11A_2021,Female
S001258,2021,11,11A_2021,Male
S001259,2021,11,11A_2021,Female
S001260,2021,11,11A_2021,Male
S001261,2021,11,11A_2021,Male
S001262,2021,11,11A_2021,Male
S001263,2021,11,11A_2021,Male
S001264,2021,11,11A_2021,Male
S001265,2021,11,11A_2021,Female
S001266,2021,11,11A_2021,Male
S001267,2021,11,11A_2021,Male
S001268,2021,11,11A_2021,Female
S001269,2021,11,11A_2021,Male
S001270,2021,11,11A_2021,Female
S001271,2021,11,11A_2021,Female
S001272,2021,11,11A_2021,Female
S001273,2021,11,11A_2021,Male
S001274,2021,11,11A_2021,Male
S001275,2021,11,11A_2021,Male
S001276,2021,11,11B_2021,Female
S001277,2021,11,11B_2021,Male
S001278,2021,11,11B_2021,Male
S001279,2021,11,11B_2021,Male
S001280,2021,11,11B_2021,Female
S001281,2021,11,11B_2021,Female
S001282,2021,11,11B_2021,Male
S001283,2021,11,11B_2021,Male
S001284,2021,11,11B_2021,Male
S001285,2021,11,11B_2021,Male
S001286,2021,11,11B_2021,Female
S001287,2021,11,11B_2021,Female
S001288,2021,11,11B_2021,Female
S001289,2021,11,11B_2021,Female
S001290,2021,11,11B_2021,Male
S001291,2021,11,11B_2021,Male
S001292,2021,11,11B_2021,Male
S001293,2021,11,11B_2021,Female
S001294,2021,11,11B_2021,Male
S001295,2021,11,11B_2021,Female
S001296,2021,11,11B_2021,Female
S001297,2021,11,11B_2021,Male
S001298,2021,11,11B_2021,Male
S001299,2021,11,11B_2021,Male
S001300,2021,11,11B_2021,Female
S001301,2021,11,11C_2021,Male
S001302,2021,11,11C_2021,Female
S001303,2021,11,11C_2021,Male
S001304,2021,11,11C_2021,Female
S001305,2021,11,11C_2021,Female
S001306,2021,11,11C_2021,Male
S001307,2021,11,11C_2021,Female
S001308,2021,11,11C_2021,Female
S001309,2021,11,11C_2021,Male
S001310,2021,11,11C_2021,Female
S001311,2021,11,11C_2021,Male
S001312,2021,11,11C_2021,Female
S001313,2021,11,11C_2021,Male
S001314,2021,11,11C_2021,Male
S001315,2021,11,11C_2021,Female
S001316,2021,11,11C_2021,Female
S001317,2021,11,11C_2021,Female
S001318,2021,11,11C_2021,Female
S001319,2021,11,11C_2021,Female
S001320,2021,11,11C_2021,Male
S001321,2021,11,11C_2021,Female
S001322,2021,11,11C_2021,Male
S001323,2021,11,11C_2021,Male
S001324,2021,11,11C_2021,Female
S001325,2021,11,11C_2021,Male
S001326,2021,11,11D_2021,Male
S001327,2021,11,11D_2021,Male
S001328,2021,11,11D_2021,Male
S001329,2021,11,11D_2021,Female
S001330,2021,11,11D_2021,Male
S001331,2021,11,11D_2021,Female
S001332,2021,11,11D_2021,Female
S001333,2021,11,11D_2021,Male
S001334,2021,11,11D_2021,Female
S001335,2021,11,11D_2021,Female
S001336,2021,11,11D_2021,Female
S001337,2021,11,11D_2021,Male
S001338,2021,11,11D_2021,Female
S001339,2021,11,11D_2021,Female
S001340,2021,11,11D_2021,Female
S001341,2021,11,11D_2021,Male
S001342,2021,11,11D_2021,Female
S001343,2021,11,11D_2021,Male
S001344,2021,11,11D_2021,Male
S001345,2021,11,11D_2021,Male
S001346,2021,11,11D_2021,Male
S001347,2021,11,11D_2021,Male
S001348,2021,11,11D_2021,Male
S001349,2021,11,11D_2021,Female
S001350,2021,11,11D_2021,Male
S001351,2021,11,11E_2021,Female
S001352,2021,11,11E_2021,Female
S001353,2021,11,11E_2021,Male
S001354,2021,11,11E_2021,Female
S001355,2021,11,11E_2021,Female
S001356,2021,11,11E_2021,Female
S001357,2021,11,11E_2021,Female
S001358,2021,11,11E_2021,Male
S001359,2021,11,11E_2021,Female
S001360,2021,11,11E_2021,Male
S001361,2021,11,11E_2021,Female
S001362,2021,11,11E_2021,Female
S001363,2021,11,11E_2021,Male
S001364,2021,11,11E_2021,Female
S001365,2021,11,11E_2021,Female
S001366,2021,11,11E_2021,Female
S001367,2021,11,11E_2021,Male
S001368,2021,11,11E_2021,Female
S001369,2021,11,11E_2021,Male
S001370,2021,11,11E_2021,Female
S001371,2021,11,11E_2021,Male
S001372,2021,11,11E_2021,Male
S001373,2021,11,11E_2021,Female
S001374,2021,11,11E_2021,Female
S001375,2021,11,11E_2021,Male
S001376,2021,12,12A_2021,Male
S001377,2021,12,12A_2021,Female
S001378,2021,12,12A_2021,Male
S001379,2021,12,12A_2021,Female
S001380,2021,12,12A_2021,Female
S001381,2021,12,12A_2021,Female
S001382,2021,12,12A_2021,Female
S001383,2021,12,12A_2021,Male
S001384,2021,12,12A_2021,Female
S001385,2021,12,12A_2021,Male
S001386,2021,12,12A_2021,Female
S001387,2021,12,12A_2021,Male
S001388,2021,12,12A_2021,Female
S001389,2021,12,12A_2021,Male
S001390,2021,12,12A_2021,Male
S001391,2021,12,12A_2021,Female
S001392,2021,12,12A_2021,Female
S001393,2021,12,12A_2021,Female
S001394,2021,12,12A_2021,Female
S001395,2021,12,12A_2021,Male
S001396,2021,12,12A_2021,Female
S001397,2021,12,12A_2021,Male
S001398,2021,12,12A_2021,Male
S001399,2021,12,12A_2021,Female
S001400,2021,12,12A_2021,Male
S001401,2021,12,12B_2021,Male
S001402,2021,12,12B_2021,Male
S001403,2021,12,12B_2021,Male
S001404,2021,12,12B_2021,Female
S001405,2021,12,12B_2021,Female
S001406,2021,12,12B_2021,Female
S001407,2021,12,12B_2021,Female
S001408,2021,12,12B_2021,Male
S001409,2021,12,12B_2021,Male
S001410,2021,12,12B_2021,Female
S001411,2021,12,12B_2021,Female
S001412,2021,12,12B_2021,Female
S001413,2021,12,12B_2021,Male
S001414,2021,12,12B_2021,Female
S001415,2021,12,12B_2021,Female
S001416,2021,12,12B_2021,Female
S001417,2021,12,12B_2021,Male
S001418,2021,12,12B_2021,Male
S001419,2021,12,12B_2021,Male
S001420,2021,12,12B_2021,Male
S001421,2021,12,12B_2021,Male
S001422,2021,12,12B_2021,Male
S001423,2021,12,12B_2021,Male
S001424,2021,12,12B_2021,Male
S001425,2021,12,12B_2021,Female
S001426,2021,12,12C_2021,Female
S001427,2021,12,12C_2021,Male
S001428,2021,12,12C_2021,Male
S001429,2021,12,12C_2021,Female
S001430,2021,12,12C_2021,Male
S001431,2021,12,12C_2021,Male
S001432,2021,12,12C_2021,Male
S001433,2021,12,12C_2021,Female
S001434,2021,12,12C_2021,Female
S001435,2021,12,12C_2021,Female
S001436,2021,12,12C_2021,Female
S001437,2021,12,12C_2021,Female
S001438,2021,12,12C_2021,Male
S001439,2021,12,12C_2021,Female
S001440,2021,12,12C_2021,Male
S001441,2021,12,12C_2021,Male
S001442,2021,12,12C_2021,Female
S001443,2021,12,12C_2021,Female
S001444,2021,12,12C_2021,Male
S001445,2021,12,12C_2021,Male
S001446,2021,12,12C_2021,Male
S001447,2021,12,12C_2021,Female
S001448,2021,12,12C_2021,Female
S001449,2021,12,12C_2021,Female
S001450,2021,12,12C_2021,Female
S001451,2021,12,12D_2021,Female
S001452,2021,12,12D_2021,Male
S001453,2021,12,12D_2021,Female
S001454,2021,12,12D_2021,Male
S001455,2021,12,12D_2021,Male
S001456,2021,12,12D_2021,Male
S001457,2021,12,12D_2021,Female
S001458,2021,12,12D_2021,Female
S001459,2021,12,12D_2021,Female
S001460,2021,12,12D_2021,Male
S001461,2021,12,12D_2021,Male
S001462,2021,12,12D_2021,Male
S001463,2021,12,12D_2021,Male
S001464,2021,12,12D_2021,Male
S001465,2021,12,12D_2021,Male
S001466,2021,12,12D_2021,Female
S001467,2021,12,12D_2021,Female
S001468,2021,12,12D_2021,Female
S001469,2021,12,12D_2021,Female
S001470,2021,12,12D_2021,Male
S001471,2021,12,12D_2021,Male
S001472,2021,12,12D_2021,Female
S001473,2021,12,12D_2021,Male
S001474,2021,12,12D_2021,Female
S001475,2021,12,12D_2021,Female
S001476,2021,12,12E_2021,Female
S001477,2021,12,12E_2021,Male
S001478,2021,12,12E_2021,Female
S001479,2021,12,12E_2021,Female
S001480,2021,12,12E_2021,Female
S001481,2021,12,12E_2021,Male
S001482,2021,12,12E_2021,Male
S001483,2021,12,12E_2021,Female
S001484,2021,12,12E_2021,Male
S001485,2021,12,12E_2021,Male
S001486,2021,12,12E_2021,Male
S001487,2021,12,12E_2021,Male
S001488,2021,12,12E_2021,Male
S001489,2021,12,12E_2021,Male
S001490,2021,12,12E_2021,Male
S001491,2021,12,12E_2021,Male
S001492,2021,12,12E_2021,Male
S001493,2021,12,12E_2021,Male
S001494,2021,12,12E_2021,Female
S001495,2021,12,12E_2021,Female
S001496,2021,12,12E_2021,Male
S001497,2021,12,12E_2021,Female
S001498,2021,12,12E_2021,Female
S001499,2021,12,12E_2021,Male
S001500,2021,12,12E_2021,Male
S001501,2022,7,7A_2022,Male
S001502,2022,7,7A_2022,Female
S001503,2022,7,7A_2022,Female
S001504,2022,7,7A_2022,Male
S001505,2022,7,7A_2022,Male
S001506,2022,7,7A_2022,Male
S001507,2022,7,7A_2022,Female
S001508,2022,7,7A_2022,Female
S001509,2022,7,7A_2022,Female
S001510,2022,7,7A_2022,Female
S001511,2022,7,7A_2022,Male
S001512,2022,7,7A_2022,Male
S001513,2022,7,7A_2022,Male
S001514,2022,7,7A_2022,Male
S001515,2022,7,7A_2022,Female
S001516,2022,7,7A_2022,Female
S001517,2022,7,7A_2022,Male
S001518,2022,7,7A_2022,Male
S001519,2022,7,7A_2022,Female
S001520,2022,7,7A_2022,Male
S001521,2022,7,7A_2022,Female
S001522,2022,7,7A_2022,Male
S001523,2022,7,7A_2022,Male
S001524,2022,7,7A_2022,Male
S001525,2022,7,7A_2022,Male
S001526,2022,7,7B_2022,Male
S001527,2022,7,7B_2022,Male
S001528,2022,7,7B_2022,Male
S001529,2022,7,7B_2022,Female
S001530,2022,7,7B_2022,Female
S001531,2022,7,7B_2022,Female
S001532,2022,7,7B_2022,Female
S001533,2022,7,7B_2022,Female
S001534,2022,7,7B_2022,Male
S001535,2022,7,7B_2022,Male
S001536,2022,7,7B_2022,Female
S001537,2022,7,7B_2022,Male
S001538,2022,7,7B_2022,Female
S001539,2022,7,7B_2022,Female
S001540,2022,7,7B_2022,Male
S001541,2022,7,7B_2022,Male
S001542,2022,7,7B_2022,Male
S001543,2022,7,7B_2022,Female
S001544,2022,7,7B_2022,Male
S001545,2022,7,7B_2022,Female
S001546,2022,7,7B_2022,Female
S001547,2022,7,7B_2022,Female
S001548,2022,7,7B_2022,Male
S001549,2022,7,7B_2022,Male
S001550,2022,7,7B_2022,Female
S001551,2022,7,7C_2022,Male
S001552,2022,7,7C_2022,Male
S001553,2022,7,7C_2022,Male
S001554,2022,7,7C_2022,Female
S001555,2022,7,7C_2022,Female
S001556,2022,7,7C_2022,Male
S001557,2022,7,7C_2022,Female
S001558,2022,7,7C_2022,Male
S001559,2022,7,7C_2022,Male
S001560,2022,7,7C_2022,Male
S001561,2022,7,7C_2022,Male
S001562,2022,7,7C_2022,Female
S001563,2022,7,7C_2022,Female
S001564,2022,7,7C_2022,Female
S001565,2022,7,7C_2022,Male
S001566,2022,7,7C_2022,Male
S001567,2022,7,7C_2022,Male
S001568,2022,7,7C_2022,Female
S001569,2022,7,7C_2022,Male
S001570,2022,7,7C_2022,Female
S001571,2022,7,7C_2022,Female
S001572,2022,7,7C_2022,Female
S001573,2022,7,7C_2022,Female
S001574,2022,7,7C_2022,Female
S001575,2022,7,7C_2022,Female
S001576,2022,7,7D_2022,Male
S001577,2022,7,7D_2022,Male
S001578,2022,7,7D_2022,Female
S001579,2022,7,7D_2022,Female
S001580,2022,7,7D_2022,Male
S001581,2022,7,7D_2022,Female
S001582,2022,7,7D_2022,Female
S001583,2022,7,7D_2022,Male
S001584,2022,7,7D_2022,Female
S001585,2022,7,7D_2022,Female
S001586,2022,7,7D_2022,Female
S001587,2022,7,7D_2022,Male
S001588,2022,7,7D_2022,Male
S001589,2022,7,7D_2022,Male
S001590,2022,7,7D_2022,Female
S001591,2022,7,7D_2022,Female
S001592,2022,7,7D_2022,Male
S001593,2022,7,7D_2022,Female
S001594,2022,7,7D_2022,Female
S001595,2022,7,7D_2022,Female
S001596,2022,7,7D_2022,Female
S001597,2022,7,7D_2022,Female
S001598,2022,7,7D_2022,Male
S001599,2022,7,7D_2022,Female
S001600,2022,7,7D_2022,Male
S001601,2022,7,7E_2022,Female
S001602,2022,7,7E_2022,Male
S001603,2022,7,7E_2022,Female
S001604,2022,7,7E_2022,Male
S001605,2022,7,7E_2022,Female
S001606,2022,7,7E_2022,Male
S001607,2022,7,7E_2022,Female
S001608,2022,7,7E_2022,Male
S001609,2022,7,7E_2022,Female
S001610,2022,7,7E_2022,Male
S001611,2022,7,7E_2022,Male
S001612,2022,7,7E_2022,Female
S001613,2022,7,7E_2022,Female
S001614,2022,7,7E_2022,Male
S001615,2022,7,7E_2022,Female
S001616,2022,7,7E_2022,Male
S001617,2022,7,7E_2022,Male
S001618,2022,7,7E_2022,Male
S001619,2022,7,7E_2022,Female
S001620,2022,7,7E_2022,Male
S001621,2022,7,7E_2022,Male
S001622,2022,7,7E_2022,Female
S001623,2022,7,7E_2022,Female
S001624,2022,7,7E_2022,Female
S001625,2022,7,7E_2022,Female
S001626,2022,8,8A_2022,Male
S001627,2022,8,8A_2022,Male
S001628,2022,8,8A_2022,Male
S001629,2022,8,8A_2022,Male
S001630,2022,8,8A_2022,Female
S001631,2022,8,8A_2022,Male
S001632,2022,8,8A_2022,Male
S001633,2022,8,8A_2022,Female
S001634,2022,8,8A_2022,Male
S001635,2022,8,8A_2022,Male
S001636,2022,8,8A_2022,Male
S001637,2022,8,8A_2022,Male
S001638,2022,8,8A_2022,Male
S001639,2022,8,8A_2022,Male
S001640,2022,8,8A_2022,Female
S001641,2022,8,8A_2022,Female
S001642,2022,8,8A_2022,Male
S001643,2022,8,8A_2022,Male
S001644,2022,8,8A_2022,Female
S001645,2022,8,8A_2022,Male
S001646,2022,8,8A_2022,Male
S001647,2022,8,8A_2022,Male
S001648,2022,8,8A_2022,Female
S001649,2022,8,8A_2022,Male
S001650,2022,8,8A_2022,Female
S001651,2022,8,8B_2022,Male
S001652,2022,8,8B_2022,Female
S001653,2022,8,8B_2022,Female
S001654,2022,8,8B_2022,Male
S001655,2022,8,8B_2022,Female
S001656,2022,8,8B_2022,Male
S001657,2022,8,8B_2022,Female
S001658,2022,8,8B_2022,Male
S001659,2022,8,8B_2022,Male
S001660,2022,8,8B_2022,Female
S001661,2022,8,8B_2022,Male
S001662,2022,8,8B_2022,Male
S001663,2022,8,8B_2022,Female
S001664,2022,8,8B_2022,Male
S001665,2022,8,8B_2022,Male
S001666,2022,8,8B_2022,Female
S001667,2022,8,8B_2022,Female
S001668,2022,8,8B_2022,Male
S001669,2022,8,8B_2022,Male
S001670,2022,8,8B_2022,Female
S001671,2022,8,8B_2022,Female
S001672,2022,8,8B_2022,Male
S001673,2022,8,8B_2022,Female
S001674,2022,8,8B_2022,Male
S001675,2022,8,8B_2022,Male
S001676,2022,8,8C_2022,Male
S001677,2022,8,8C_2022,Male
S001678,2022,8,8C_2022,Male
S001679,2022,8,8C_2022,Female
S001680,2022,8,8C_2022,Female
S001681,2022,8,8C_2022,Female
S001682,2022,8,8C_2022,Female
S001683,2022,8,8C_2022,Male
S001684,2022,8,8C_2022,Male
S001685,2022,8,8C_2022,Male
S001686,2022,8,8C_2022,Male
S001687,2022,8,8C_2022,Female
S001688,2022,8,8C_2022,Male
S001689,2022,8,8C_2022,Male
S001690,2022,8,8C_2022,Female
S001691,2022,8,8C_2022,Female
S001692,2022,8,8C_2022,Female
S001693,2022,8,8C_2022,Female
S001694,2022,8,8C_2022,Male
S001695,2022,8,8C_2022,Male
S001696,2022,8,8C_2022,Female
S001697,2022,8,8C_2022,Male
S001698,2022,8,8C_2022,Male
S001699,2022,8,8C_2022,Male
S001700,2022,8,8C_2022,Female
S001701,2022,8,8D_2022,Male
S001702,2022,8,8D_2022,Female
S001703,2022,8,8D_2022,Male
S001704,2022,8,8D_2022,Male
S001705,2022,8,8D_2022,Male
S001706,2022,8,8D_2022,Female
S001707,2022,8,8D_2022,Male
S001708,2022,8,8D_2022,Female
S001709,2022,8,8D_2022,Female
S001710,2022,8,8D_2022,Female
S001711,2022,8,8D_2022,Male
S001712,2022,8,8D_2022,Male
S001713,2022,8,8D_2022,Male
S001714,2022,8,8D_2022,Male
S001715,2022,8,8D_2022,Female
S001716,2022,8,8D_2022,Female
S001717,2022,8,8D_2022,Female
S001718,2022,8,8D_2022,Male
S001719,2022,8,8D_2022,Female
S001720,2022,8,8D_2022,Male
S001721,2022,8,8D_2022,Female
S001722,2022,8,8D_2022,Male
S001723,2022,8,8D_2022,Male
S001724,2022,8,8D_2022,Female
S001725,2022,8,8D_2022,Female
S001726,2022,8,8E_2022,Female
S001727,2022,8,8E_2022,Female
S001728,2022,8,8E_2022,Male
S001729,2022,8,8E_2022,Female
S001730,2022,8,8E_2022,Female
S001731,2022,8,8E_2022,Female
S001732,2022,8,8E_2022,Male
S001733,2022,8,8E_2022,Male
S001734,2022,8,8E_2022,Female
S001735,2022,8,8E_2022,Male
S001736,2022,8,8E_2022,Female
S001737,2022,8,8E_2022,Male
S001738,2022,8,8E_2022,Male
S001739,2022,8,8E_2022,Male
S001740,2022,8,8E_2022,Male
S001741,2022,8,8E_2022,Female
S001742,2022,8,8E_2022,Female
S001743,2022,8,8E_2022,Female
S001744,2022,8,8E_2022,Male
S001745,2022,8,8E_2022,Female
S001746,2022,8,8E_2022,Female
S001747,2022,8,8E_2022,Female
S001748,2022,8,8E_2022,Male
S001749,2022,8,8E_2022,Male
S001750,2022,8,8E_2022,Male
S001751,2022,9,9A_2022,Female
S001752,2022,9,9A_2022,Female
S001753,2022,9,9A_2022,Female
S001754,2022,9,9A_2022,Male
S001755,2022,9,9A_2022,Male
S001756,2022,9,9A_2022,Female
S001757,2022,9,9A_2022,Male
S001758,2022,9,9A_2022,Male
S001759,2022,9,9A_2022,Male
S001760,2022,9,9A_2022,Male
S001761,2022,9,9A_2022,Female
S001762,2022,9,9A_2022,Male
S001763,2022,9,9A_2022,Male
S001764,2022,9,9A_2022,Male
S001765,2022,9,9A_2022,Male
S001766,2022,9,9A_2022,Female
S001767,2022,9,9A_2022,Female
S001768,2022,9,9A_2022,Male
S001769,2022,9,9A_2022,Male
S001770,2022,9,9A_2022,Male
S001771,2022,9,9A_2022,Male
S001772,2022,9,9A_2022,Male
S001773,2022,9,9A_2022,Male
S001774,2022,9,9A_2022,Female
S001775,2022,9,9A_2022,Male
S001776,2022,9,9B_2022,Female
S001777,2022,9,9B_2022,Female
S001778,2022,9,9B_2022,Male
S001779,2022,9,9B_2022,Female
S001780,2022,9,9B_2022,Female
S001781,2022,9,9B_2022,Female
S001782,2022,9,9B_2022,Female
S001783,2022,9,9B_2022,Female
S001784,2022,9,9B_2022,Female
S001785,2022,9,9B_2022,Male
S001786,2022,9,9B_2022,Female
S001787,2022,9,9B_2022,Female
S001788,2022,9,9B_2022,Female
S001789,2022,9,9B_2022,Male
S001790,2022,9,9B_2022,Female
S001791,2022,9,9B_2022,Male
S001792,2022,9,9B_2022,Female
S001793,2022,9,9B_2022,Male
S001794,2022,9,9B_2022,Male
S001795,2022,9,9B_2022,Female
S001796,2022,9,9B_2022,Female
S001797,2022,9,9B_2022,Male
S001798,2022,9,9B_2022,Female
S001799,2022,9,9B_2022,Male
S001800,2022,9,9B_2022,Male
S001801,2022,9,9C_2022,Male
S001802,2022,9,9C_2022,Male
S001803,2022,9,9C_2022,Male
S001804,2022,9,9C_2022,Female
S001805,2022,9,9C_2022,Male
S001806,2022,9,9C_2022,Male
S001807,2022,9,9C_2022,Female
S001808,2022,9,9C_2022,Male
S001809,2022,9,9C_2022,Female
S001810,2022,9,9C_2022,Female
S001811,2022,9,9C_2022,Female
S001812,2022,9,9C_2022,Male
S001813,2022,9,9C_2022,Male
S001814,2022,9,9C_2022,Male
S001815,2022,9,9C_2022,Female
S001816,2022,9,9C_2022,Male
S001817,2022,9,9C_2022,Female
S001818,2022,9,9C_2022,Male
S001819,2022,9,9C_2022,Female
S001820,2022,9,9C_2022,Male
S001821,2022,9,9C_2022,Male
S001822,2022,9,9C_2022,Male
S001823,2022,9,9C_2022,Female
S001824,2022,9,9C_2022,Female
S001825,2022,9,9C_2022,Male
S001826,2022,9,9D_2022,Male
S001827,2022,9,9D_2022,Female
S001828,2022,9,9D_2022,Female
S001829,2022,9,9D_2022,Female
S001830,2022,9,9D_2022,Male
S001831,2022,9,9D_2022,Female
S001832,2022,9,9D_2022,Male
S001833,2022,9,9D_2022,Female
S001834,2022,9,9D_2022,Male
S001835,2022,9,9D_2022,Female
S001836,2022,9,9D_2022,Female
S001837,2022,9,9D_2022,Female
S001838,2022,9,9D_2022,Female
S001839,2022,9,9D_2022,Female
S001840,2022,9,9D_2022,Male
S001841,2022,9,9D_2022,Female
S001842,2022,9,9D_2022,Female
S001843,2022,9,9D_2022,Female
S001844,2022,9,9D_2022,Male
S001845,2022,9,9D_2022,Female
S001846,2022,9,9D_2022,Male
S001847,2022,9,9D_2022,Female
S001848,2022,9,9D_2022,Female
S001849,2022,9,9D_2022,Male
S001850,2022,9,9D_2022,Female
S001851,2022,9,9E_2022,Male
S001852,2022,9,9E_2022,Male
S001853,2022,9,9E_2022,Female
S001854,2022,9,9E_2022,Male
S001855,2022,9,9E_2022,Female
S001856,2022,9,9E_2022,Female
S001857,2022,9,9E_2022,Male
S001858,2022,9,9E_2022,Male
S001859,2022,9,9E_2022,Male
S001860,2022,9,9E_2022,Male
S001861,2022,9,9E_2022,Female
S001862,2022,9,9E_2022,Female
S001863,2022,9,9E_2022,Male
S001864,2022,9,9E_2022,Female
S001865,2022,9,9E_2022,Female
S001866,2022,9,9E_2022,Female
S001867,2022,9,9E_2022,Female
S001868,2022,9,9E_2022,Male
S001869,2022,9,9E_2022,Male
S001870,2022,9,9E_2022,Female
S001871,2022,9,9E_2022,Male
S001872,2022,9,9E_2022,Male
S001873,2022,9,9E_2022,Male
S001874,2022,9,9E_2022,Female
S001875,2022,9,9E_2022,Female
S001876,2022,10,10A_2022,Female
S001877,2022,10,10A_2022,Male
S001878,2022,10,10A_2022,Female
S001879,2022,10,10A_2022,Female
S001880,2022,10,10A_2022,Male
S001881,2022,10,10A_2022,Female
S001882,2022,10,10A_2022,Female
S001883,2022,10,10A_2022,Male
S001884,2022,10,10A_2022,Male
S001885,2022,10,10A_2022,Male
S001886,2022,10,10A_2022,Female
S001887,2022,10,10A_2022,Female
S001888,2022,10,10A_2022,Female
S001889,2022,10,10A_2022,Male
S001890,2022,10,10A_2022,Male
S001891,2022,10,10A_2022,Female
S001892,2022,10,10A_2022,Female
S001893,2022,10,10A_2022,Male
S001894,2022,10,10A_2022,Male
S001895,2022,10,10A_2022,Male
S001896,2022,10,10A_2022,Male
S001897,2022,10,10A_2022,Female
S001898,2022,10,10A_2022,Male
S001899,2022,10,10A_2022,Female
S001900,2022,10,10A_2022,Female
S001901,2022,10,10B_2022,Female
S001902,2022,10,10B_2022,Male
S001903,2022,10,10B_2022,Male
S001904,2022,10,10B_2022,Male
S001905,2022,10,10B_2022,Male
S001906,2022,10,10B_2022,Female
S001907,2022,10,10B_2022,Male
S001908,2022,10,10B_2022,Male
S001909,2022,10,10B_2022,Female
S001910,2022,10,10B_2022,Male
S001911,2022,10,10B_2022,Female
S001912,2022,10,10B_2022,Female
S001913,2022,10,10B_2022,Female
S001914,2022,10,10B_2022,Female
S001915,2022,10,10B_2022,Female
S001916,2022,10,10B_2022,Female
S001917,2022,10,10B_2022,Female
S001918,2022,10,10B_2022,Female
S001919,2022,10,10B_2022,Male
S001920,2022,10,10B_2022,Male
S001921,2022,10,10B_2022,Male
S001922,2022,10,10B_2022,Male
S001923,2022,10,10B_2022,Female
S001924,2022,10,10B_2022,Male
S001925,2022,10,10B_2022,Female
S001926,2022,10,10C_2022,Male
S001927,2022,10,10C_2022,Male
S001928,2022,10,10C_2022,Male
S001929,2022,10,10C_2022,Female
S001930,2022,10,10C_2022,Male
S001931,2022,10,10C_2022,Female
S001932,2022,10,10C_2022,Female
S001933,2022,10,10C_2022,Male
S001934,2022,10,10C_2022,Male
S001935,2022,10,10C_2022,Male
S001936,2022,10,10C_2022,Female
S001937,2022,10,10C_2022,Male
S001938,2022,10,10C_2022,Female
S001939,2022,10,10C_2022,Female
S001940,2022,10,10C_2022,Male
S001941,2022,10,10C_2022,Male
S001942,2022,10,10C_2022,Female
S001943,2022,10,10C_2022,Female
S001944,2022,10,10C_2022,Female
S001945,2022,10,10C_2022,Male
S001946,2022,10,10C_2022,Female
S001947,2022,10,10C_2022,Male
S001948,2022,10,10C_2022,Female
S001949,2022,10,10C_2022,Female
S001950,2022,10,10C_2022,Male
S001951,2022,10,10D_2022,Female
S001952,2022,10,10D_2022,Male
S001953,2022,10,10D_2022,Male
S001954,2022,10,10D_2022,Female
S001955,2022,10,10D_2022,Male
S001956,2022,10,10D_2022,Male
S001957,2022,10,10D_2022,Female
S001958,2022,10,10D_2022,Male
S001959,2022,10,10D_2022,Male
S001960,2022,10,10D_2022,Male
S001961,2022,10,10D_2022,Female
S001962,2022,10,10D_2022,Male
S001963,2022,10,10D_2022,Female
S001964,2022,10,10D_2022,Female
S001965,2022,10,10D_2022,Male
S001966,2022,10,10D_2022,Male
S001967,2022,10,10D_2022,Male
S001968,2022,10,10D_2022,Female
S001969,2022,10,10D_2022,Male
S001970,2022,10,10D_2022,Male
S001971,2022,10,10D_2022,Male
S001972,2022,10,10D_2022,Male
S001973,2022,10,10D_2022,Male
S001974,2022,10,10D_2022,Female
S001975,2022,10,10D_2022,Female
S001976,2022,10,10E_2022,Male
S001977,2022,10,10E_2022,Male
S001978,2022,10,10E_2022,Male
S001979,2022,10,10E_2022,Male
S001980,2022,10,10E_2022,Female
S001981,2022,10,10E_2022,Male
S001982,2022,10,10E_2022,Female
S001983,2022,10,10E_2022,Female
S001984,2022,10,10E_2022,Male
S001985,2022,10,10E_2022,Female
S001986,2022,10,10E_2022,Female
S001987,2022,10,10E_2022,Female
S001988,2022,10,10E_2022,Female
S001989,2022,10,10E_2022,Male
S001990,2022,10,10E_2022,Male
S001991,2022,10,10E_2022,Female
S001992,2022,10,10E_2022,Male
S001993,2022,10,10E_2022,Male
S001994,2022,10,10E_2022,Male
S001995,2022,10,10E_2022,Male
S001996,2022,10,10E_2022,Male
S001997,2022,10,10E_2022,Female
S001998,2022,10,10E_2022,Male
S001999,2022,10,10E_2022,Male
S002000,2022,10,10E_2022,Male
S002001,2022,11,11A_2022,Male
S002002,2022,11,11A_2022,Female
S002003,2022,11,11A_2022,Female
S002004,2022,11,11A_2022,Female
S002005,2022,11,11A_2022,Female
S002006,2022,11,11A_2022,Male
S002007,2022,11,11A_2022,Female
S002008,2022,11,11A_2022,Male
S002009,2022,11,11A_2022,Male
S002010,2022,11,11A_2022,Male
S002011,2022,11,11A_2022,Male
S002012,2022,11,11A_2022,Male
S002013,2022,11,11A_2022,Female
S002014,2022,11,11A_2022,Female
S002015,2022,11,11A_2022,Female
S002016,2022,11,11A_2022,Female
S002017,2022,11,11A_2022,Male
S002018,2022,11,11A_2022,Female
S002019,2022,11,11A_2022,Male
S002020,2022,11,11A_2022,Female
S002021,2022,11,11A_2022,Male
S002022,2022,11,11A_2022,Male
S002023,2022,11,11A_2022,Female
S002024,2022,11,11A_2022,Male
S002025,2022,11,11A_2022,Male
S002026,2022,11,11B_2022,Female
S002027,2022,11,11B_2022,Male
S002028,2022,11,11B_2022,Female
S002029,2022,11,11B_2022,Female
S002030,2022,11,11B_2022,Female
S002031,2022,11,11B_2022,Male
S002032,2022,11,11B_2022,Male
S002033,2022,11,11B_2022,Male
S002034,2022,11,11B_2022,Female
S002035,2022,11,11B_2022,Male
S002036,2022,11,11B_2022,Female
S002037,2022,11,11B_2022,Female
S002038,2022,11,11B_2022,Male
S002039,2022,11,11B_2022,Female
S002040,2022,11,11B_2022,Male
S002041,2022,11,11B_2022,Male
S002042,2022,11,11B_2022,Male
S002043,2022,11,11B_2022,Male
S002044,2022,11,11B_2022,Male
S002045,2022,11,11B_2022,Female
S002046,2022,11,11B_2022,Female
S002047,2022,11,11B_2022,Female
S002048,2022,11,11B_2022,Male
S002049,2022,11,11B_2022,Male
S002050,2022,11,11B_2022,Male
S002051,2022,11,11C_2022,Female
S002052,2022,11,11C_2022,Male
S002053,2022,11,11C_2022,Female
S002054,2022,11,11C_2022,Female
S002055,2022,11,11C_2022,Male
S002056,2022,11,11C_2022,Male
S002057,2022,11,11C_2022,Female
S002058,2022,11,11C_2022,Male
S002059,2022,11,11C_2022,Female
S002060,2022,11,11C_2022,Male
S002061,2022,11,11C_2022,Male
S002062,2022,11,11C_2022,Female
S002063,2022,11,11C_2022,Male
S002064,2022,11,11C_2022,Female
S002065,2022,11,11C_2022,Male
S002066,2022,11,11C_2022,Female
S002067,2022,11,11C_2022,Female
S002068,2022,11,11C_2022,Male
S002069,2022,11,11C_2022,Female
S002070,2022,11,11C_2022,Male
S002071,2022,11,11C_2022,Male
S002072,2022,11,11C_2022,Male
S002073,2022,11,11C_2022,Female
S002074,2022,11,11C_2022,Female
S002075,2022,11,11C_2022,Male
S002076,2022,11,11D_2022,Male
S002077,2022,11,11D_2022,Female
S002078,2022,11,11D_2022,Male
S002079,2022,11,11D_2022,Male
S002080,2022,11,11D_2022,Female
S002081,2022,11,11D_2022,Male
S002082,2022,11,11D_2022,Female
S002083,2022,11,11D_2022,Male
S002084,2022,11,11D_2022,Female
S002085,2022,11,11D_2022,Male
S002086,2022,11,11D_2022,Male
S002087,2022,11,11D_2022,Female
S002088,2022,11,11D_2022,Male
S002089,2022,11,11D_2022,Female
S002090,2022,11,11D_2022,Male
S002091,2022,11,11D_2022,Female
S002092,2022,11,11D_2022,Female
S002093,2022,11,11D_2022,Female
S002094,2022,11,11D_2022,Female
S002095,2022,11,11D_2022,Male
S002096,2022,11,11D_2022,Male
S002097,2022,11,11D_2022,Female
S002098,2022,11,11D_2022,Female
S002099,2022,11,11D_2022,Female
S002100,2022,11,11D_2022,Male
S002101,2022,11,11E_2022,Male
S002102,2022,11,11E_2022,Male
S002103,2022,11,11E_2022,Male
S002104,2022,11,11E_2022,Female
S002105,2022,11,11E_2022,Female
S002106,2022,11,11E_2022,Female
S002107,2022,11,11E_2022,Male
S002108,2022,11,11E_2022,Male
S002109,2022,11,11E_2022,Male
S002110,2022,11,11E_2022,Female
S002111,2022,11,11E_2022,Female
S002112,2022,11,11E_2022,Male
S002113,2022,11,11E_2022,Female
S002114,2022,11,11E_2022,Male
S002115,2022,11,11E_2022,Male
S002116,2022,11,11E_2022,Female
S002117,2022,11,11E_2022,Male
S002118,2022,11,11E_2022,Female
S002119,2022,11,11E_2022,Male
S002120,2022,11,11E_2022,Female
S002121,2022,11,11E_2022,Female
S002122,2022,11,11E_2022,Female
S002123,2022,11,11E_2022,Male
S002124,2022,11,11E_2022,Male
S002125,2022,11,11E_2022,Female
S002126,2022,12,12A_2022,Female
S002127,2022,12,12A_2022,Male
S002128,2022,12,12A_2022,Male
S002129,2022,12,12A_2022,Male
S002130,2022,12,12A_2022,Female
S002131,2022,12,12A_2022,Male
S002132,2022,12,12A_2022,Male
S002133,2022,12,12A_2022,Female
S002134,2022,12,12A_2022,Male
S002135,2022,12,12A_2022,Male
S002136,2022,12,12A_2022,Male
S002137,2022,12,12A_2022,Female
S002138,2022,12,12A_2022,Female
S002139,2022,12,12A_2022,Female
S002140,2022,12,12A_2022,Female
S002141,2022,12,12A_2022,Female
S002142,2022,12,12A_2022,Female
S002143,2022,12,12A_2022,Female
S002144,2022,12,12A_2022,Male
S002145,2022,12,12A_2022,Male
S002146,2022,12,12A_2022,Female
S002147,2022,12,12A_2022,Male
S002148,2022,12,12A_2022,Male
S002149,2022,12,12A_2022,Female
S002150,2022,12,12A_2022,Male
S002151,2022,12,12B_2022,Male
S002152,2022,12,12B_2022,Male
S002153,2022,12,12B_2022,Male
S002154,2022,12,12B_2022,Male
S002155,2022,12,12B_2022,Female
S002156,2022,12,12B_2022,Female
S002157,2022,12,12B_2022,Female
S002158,2022,12,12B_2022,Male
S002159,2022,12,12B_2022,Female
S002160,2022,12,12B_2022,Male
S002161,2022,12,12B_2022,Male
S002162,2022,12,12B_2022,Male
S002163,2022,12,12B_2022,Male
S002164,2022,12,12B_2022,Female
S002165,2022,12,12B_2022,Female
S002166,2022,12,12B_2022,Male
S002167,2022,12,12B_2022,Female
S002168,2022,12,12B_2022,Male
S002169,2022,12,12B_2022,Female
S002170,2022,12,12B_2022,Female
S002171,2022,12,12B_2022,Male
S002172,2022,12,12B_2022,Female
S002173,2022,12,12B_2022,Male
S002174,2022,12,12B_2022,Female
S002175,2022,12,12B_2022,Male
S002176,2022,12,12C_2022,Male
S002177,2022,12,12C_2022,Female
S002178,2022,12,12C_2022,Female
S002179,2022,12,12C_2022,Male
S002180,2022,12,12C_2022,Female
S002181,2022,12,12C_2022,Female
S002182,2022,12,12C_2022,Male
S002183,2022,12,12C_2022,Male
S002184,2022,12,12C_2022,Female
S002185,2022,12,12C_2022,Male
S002186,2022,12,12C_2022,Male
S002187,2022,12,12C_2022,Male
S002188,2022,12,12C_2022,Female
S002189,2022,12,12C_2022,Female
S002190,2022,12,12C_2022,Male
S002191,2022,12,12C_2022,Female
S002192,2022,12,12C_2022,Male
S002193,2022,12,12C_2022,Female
S002194,2022,12,12C_2022,Male
S002195,2022,12,12C_2022,Male
S002196,2022,12,12C_2022,Female
S002197,2022,12,12C_2022,Male
S002198,2022,12,12C_2022,Female
S002199,2022,12,12C_2022,Female
S002200,2022,12,12C_2022,Male
S002201,2022,12,12D_2022,Male
S002202,2022,12,12D_2022,Female
S002203,2022,12,12D_2022,Male
S002204,2022,12,12D_2022,Male
S002205,2022,12,12D_2022,Male
S002206,2022,12,12D_2022,Male
S002207,2022,12,12D_2022,Male
S002208,2022,12,12D_2022,Female
S002209,2022,12,12D_2022,Female
S002210,2022,12,12D_2022,Male
S002211,2022,12,12D_2022,Male
S002212,2022,12,12D_2022,Male
S002213,2022,12,12D_2022,Female
S002214,2022,12,12D_2022,Male
S002215,2022,12,12D_2022,Female
S002216,2022,12,12D_2022,Female
S002217,2022,12,12D_2022,Female
S002218,2022,12,12D_2022,Male
S002219,2022,12,12D_2022,Female
S002220,2022,12,12D_2022,Male
S002221,2022,12,12D_2022,Female
S002222,2022,12,12D_2022,Male
S002223,2022,12,12D_2022,Female
S002224,2022,12,12D_2022,Male
S002225,2022,12,12D_2022,Female
S002226,2022,12,12E_2022,Male
S002227,2022,12,12E_2022,Male
S002228,2022,12,12E_2022,Male
S002229,2022,12,12E_2022,Male
S002230,2022,12,12E_2022,Female
S002231,2022,12,12E_2022,Female
S002232,2022,12,12E_2022,Male
S002233,2022,12,12E_2022,Female
S002234,2022,12,12E_2022,Male
S002235,2022,12,12E_2022,Male
S002236,2022,12,12E_2022,Female
S002237,2022,12,12E_2022,Male
S002238,2022,12,12E_2022,Male
S002239,2022,12,12E_2022,Female
S002240,2022,12,12E_2022,Male
S002241,2022,12,12E_2022,Male
S002242,2022,12,12E_2022,Male
S002243,2022,12,12E_2022,Male
S002244,2022,12,12E_2022,Female
S002245,2022,12,12E_2022,Female
S002246,2022,12,12E_2022,Female
S002247,2022,12,12E_2022,Male
S002248,2022,12,12E_2022,Male
S002249,2022,12,12E_2022,Female
S002250,2022,12,12E_2022,Male
S002251,2023,7,7A_2023,Male
S002252,2023,7,7A_2023,Male
S002253,2023,7,7A_2023,Male
S002254,2023,7,7A_2023,Female
S002255,2023,7,7A_2023,Female
S002256,2023,7,7A_2023,Female
S002257,2023,7,7A_2023,Male
S002258,2023,7,7A_2023,Female
S002259,2023,7,7A_2023,Female
S002260,2023,7,7A_2023,Male
S002261,2023,7,7A_2023,Male
S002262,2023,7,7A_2023,Female
S002263,2023,7,7A_2023,Female
S002264,2023,7,7A_2023,Female
S002265,2023,7,7A_2023,Female
S002266,2023,7,7A_2023,Male
S002267,2023,7,7A_2023,Female
S002268,2023,7,7A_2023,Female
S002269,2023,7,7A_2023,Male
S002270,2023,7,7A_2023,Female
S002271,2023,7,7A_2023,Male
S002272,2023,7,7A_2023,Male
S002273,2023,7,7A_2023,Male
S002274,2023,7,7A_2023,Female
S002275,2023,7,7A_2023,Female
S002276,2023,7,7B_2023,Male
S002277,2023,7,7B_2023,Female
S002278,2023,7,7B_2023,Female
S002279,2023,7,7B_2023,Male
S002280,2023,7,7B_2023,Male
S002281,2023,7,7B_2023,Female
S002282,2023,7,7B_2023,Male
S002283,2023,7,7B_2023,Female
S002284,2023,7,7B_2023,Female
S002285,2023,7,7B_2023,Female
S002286,2023,7,7B_2023,Female
S002287,2023,7,7B_2023,Male
S002288,2023,7,7B_2023,Male
S002289,2023,7,7B_2023,Male
S002290,2023,7,7B_2023,Male
S002291,2023,7,7B_2023,Female
S002292,2023,7,7B_2023,Female
S002293,2023,7,7B_2023,Male
S002294,2023,7,7B_2023,Female
S002295,2023,7,7B_2023,Female
S002296,2023,7,7B_2023,Female
S002297,2023,7,7B_2023,Male
S002298,2023,7,7B_2023,Male
S002299,2023,7,7B_2023,Male
S002300,2023,7,7B_2023,Female
S002301,2023,7,7C_2023,Male
S002302,2023,7,7C_2023,Male
S002303,2023,7,7C_2023,Male
S002304,2023,7,7C_2023,Male
S002305,2023,7,7C_2023,Male
S002306,2023,7,7C_2023,Male
S002307,2023,7,7C_2023,Female
S002308,2023,7,7C_2023,Female
S002309,2023,7,7C_2023,Male
S002310,2023,7,7C_2023,Male
S002311,2023,7,7C_2023,Female
S002312,2023,7,7C_2023,Female
S002313,2023,7,7C_2023,Male
S002314,2023,7,7C_2023,Male
S002315,2023,7,7C_2023,Male
S002316,2023,7,7C_2023,Male
S002317,2023,7,7C_2023,Female
S002318,2023,7,7C_2023,Male
S002319,2023,7,7C_2023,Male
S002320,2023,7,7C_2023,Male
S002321,2023,7,7C_2023,Male
S002322,2023,7,7C_2023,Female
S002323,2023,7,7C_2023,Female
S002324,2023,7,7C_2023,Female
S002325,2023,7,7C_2023,Male
S002326,2023,7,7D_2023,Male
S002327,2023,7,7D_2023,Female
S002328,2023,7,7D_2023,Male
S002329,2023,7,7D_2023,Male
S002330,2023,7,7D_2023,Female
S002331,2023,7,7D_2023,Female
S002332,2023,7,7D_2023,Female
S002333,2023,7,7D_2023,Female
S002334,2023,7,7D_2023,Male
S002335,2023,7,7D_2023,Male
S002336,2023,7,7D_2023,Female
S002337,2023,7,7D_2023,Male
S002338,2023,7,7D_2023,Female
S002339,2023,7,7D_2023,Female
S002340,2023,7,7D_2023,Male
S002341,2023,7,7D_2023,Female
S002342,2023,7,7D_2023,Male
S002343,2023,7,7D_2023,Male
S002344,2023,7,7D_2023,Male
S002345,2023,7,7D_2023,Male
S002346,2023,7,7D_2023,Female
S002347,2023,7,7D_2023,Male
S002348,2023,7,7D_2023,Female
S002349,2023,7,7D_2023,Female
S002350,2023,7,7D_2023,Female
S002351,2023,7,7E_2023,Female
S002352,2023,7,7E_2023,Male
S002353,2023,7,7E_2023,Male
S002354,2023,7,7E_2023,Female
S002355,2023,7,7E_2023,Female
S002356,2023,7,7E_2023,Male
S002357,2023,7,7E_2023,Female
S002358,2023,7,7E_2023,Male
S002359,2023,7,7E_2023,Female
S002360,2023,7,7E_2023,Male
S002361,2023,7,7E_2023,Female
S002362,2023,7,7E_2023,Female
S002363,2023,7,7E_2023,Male
S002364,2023,7,7E_2023,Female
S002365,2023,7,7E_2023,Female
S002366,2023,7,7E_2023,Male
S002367,2023,7,7E_2023,Female
S002368,2023,7,7E_2023,Male
S002369,2023,7,7E_2023,Male
S002370,2023,7,7E_2023,Female
S002371,2023,7,7E_2023,Female
S002372,2023,7,7E_2023,Female
S002373,2023,7,7E_2023,Female
S002374,2023,7,7E_2023,Female
S002375,2023,7,7E_2023,Female
S002376,2023,8,8A_2023,Female
S002377,2023,8,8A_2023,Male
S002378,2023,8,8A_2023,Female
S002379,2023,8,8A_2023,Male
S002380,2023,8,8A_2023,Female
S002381,2023,8,8A_2023,Female
S002382,2023,8,8A_2023,Male
S002383,2023,8,8A_2023,Female
S002384,2023,8,8A_2023,Female
S002385,2023,8,8A_2023,Male
S002386,2023,8,8A_2023,Female
S002387,2023,8,8A_2023,Female
S002388,2023,8,8A_2023,Female
S002389,2023,8,8A_2023,Male
S002390,2023,8,8A_2023,Female
S002391,2023,8,8A_2023,Female
S002392,2023,8,8A_2023,Female
S002393,2023,8,8A_2023,Female
S002394,2023,8,8A_2023,Male
S002395,2023,8,8A_2023,Male
S002396,2023,8,8A_2023,Female
S002397,2023,8,8A_2023,Female
S002398,2023,8,8A_2023,Male
S002399,2023,8,8A_2023,Male
S002400,2023,8,8A_2023,Female
S002401,2023,8,8B_2023,Male
S002402,2023,8,8B_2023,Female
S002403,2023,8,8B_2023,Male
S002404,2023,8,8B_2023,Male
S002405,2023,8,8B_2023,Male
S002406,2023,8,8B_2023,Male
S002407,2023,8,8B_2023,Female
S002408,2023,8,8B_2023,Male
S002409,2023,8,8B_2023,Male
S002410,2023,8,8B_2023,Female
S002411,2023,8,8B_2023,Male
S002412,2023,8,8B_2023,Male
S002413,2023,8,8B_2023,Female
S002414,2023,8,8B_2023,Male
S002415,2023,8,8B_2023,Female
S002416,2023,8,8B_2023,Female
S002417,2023,8,8B_2023,Female
S002418,2023,8,8B_2023,Female
S002419,2023,8,8B_2023,Male
S002420,2023,8,8B_2023,Female
S002421,2023,8,8B_2023,Male
S002422,2023,8,8B_2023,Male
S002423,2023,8,8B_2023,Male
S002424,2023,8,8B_2023,Male
S002425,2023,8,8B_2023,Male
S002426,2023,8,8C_2023,Male
S002427,2023,8,8C_2023,Male
S002428,2023,8,8C_2023,Male
S002429,2023,8,8C_2023,Male
S002430,2023,8,8C_2023,Male
S002431,2023,8,8C_2023,Female
S002432,2023,8,8C_2023,Female
S002433,2023,8,8C_2023,Female
S002434,2023,8,8C_2023,Male
S002435,2023,8,8C_2023,Female
S002436,2023,8,8C_2023,Female
S002437,2023,8,8C_2023,Female
S002438,2023,8,8C_2023,Male
S002439,2023,8,8C_2023,Male
S002440,2023,8,8C_2023,Male
S002441,2023,8,8C_2023,Male
S002442,2023,8,8C_2023,Female
S002443,2023,8,8C_2023,Female
S002444,2023,8,8C_2023,Female
S002445,2023,8,8C_2023,Female
S002446,2023,8,8C_2023,Male
S002447,2023,8,8C_2023,Male
S002448,2023,8,8C_2023,Male
S002449,2023,8,8C_2023,Female
S002450,2023,8,8C_2023,Male
S002451,2023,8,8D_2023,Male
S002452,2023,8,8D_2023,Female
S002453,2023,8,8D_2023,Female
S002454,2023,8,8D_2023,Male
S002455,2023,8,8D_2023,Male
S002456,2023,8,8D_2023,Male
S002457,2023,8,8D_2023,Male
S002458,2023,8,8D_2023,Male
S002459,2023,8,8D_2023,Male
S002460,2023,8,8D_2023,Female
S002461,2023,8,8D_2023,Female
S002462,2023,8,8D_2023,Female
S002463,2023,8,8D_2023,Male
S002464,2023,8,8D_2023,Female
S002465,2023,8,8D_2023,Male
S002466,2023,8,8D_2023,Male
S002467,2023,8,8D_2023,Female
S002468,2023,8,8D_2023,Male
S002469,2023,8,8D_2023,Male
S002470,2023,8,8D_2023,Female
S002471,2023,8,8D_2023,Female
S002472,2023,8,8D_2023,Female
S002473,2023,8,8D_2023,Male
S002474,2023,8,8D_2023,Female
S002475,2023,8,8D_2023,Female
S002476,2023,8,8E_2023,Male
S002477,2023,8,8E_2023,Female
S002478,2023,8,8E_2023,Female
S002479,2023,8,8E_2023,Female
S002480,2023,8,8E_2023,Male
S002481,2023,8,8E_2023,Male
S002482,2023,8,8E_2023,Male
S002483,2023,8,8E_2023,Male
S002484,2023,8,8E_2023,Female
S002485,2023,8,8E_2023,Male
S002486,2023,8,8E_2023,Male
S002487,2023,8,8E_2023,Female
S002488,2023,8,8E_2023,Female
S002489,2023,8,8E_2023,Female
S002490,2023,8,8E_2023,Male
S002491,2023,8,8E_2023,Male
S002492,2023,8,8E_2023,Male
S002493,2023,8,8E_2023,Female
S002494,2023,8,8E_2023,Female
S002495,2023,8,8E_2023,Male
S002496,2023,8,8E_2023,Female
S002497,2023,8,8E_2023,Female
S002498,2023,8,8E_2023,Female
S002499,2023,8,8E_2023,Male
S002500,2023,8,8E_2023,Female
S002501,2023,9,9A_2023,Female
S002502,2023,9,9A_2023,Male
S002503,2023,9,9A_2023,Male
S002504,2023,9,9A_2023,Female
S002505,2023,9,9A_2023,Female
S002506,2023,9,9A_2023,Male
S002507,2023,9,9A_2023,Male
S002508,2023,9,9A_2023,Female
S002509,2023,9,9A_2023,Female
S002510,2023,9,9A_2023,Female
S002511,2023,9,9A_2023,Female
S002512,2023,9,9A_2023,Male
S002513,2023,9,9A_2023,Female
S002514,2023,9,9A_2023,Female
S002515,2023,9,9A_2023,Male
S002516,2023,9,9A_2023,Female
S002517,2023,9,9A_2023,Male
S002518,2023,9,9A_2023,Female
S002519,2023,9,9A_2023,Female
S002520,2023,9,9A_2023,Male
S002521,2023,9,9A_2023,Male
S002522,2023,9,9A_2023,Female
S002523,2023,9,9A_2023,Female
S002524,2023,9,9A_2023,Female
S002525,2023,9,9A_2023,Male
S002526,2023,9,9B_2023,Female
S002527,2023,9,9B_2023,Male
S002528,2023,9,9B_2023,Male
S002529,2023,9,9B_2023,Female
S002530,2023,9,9B_2023,Male
S002531,2023,9,9B_2023,Female
S002532,2023,9,9B_2023,Female
S002533,2023,9,9B_2023,Female
S002534,2023,9,9B_2023,Female
S002535,2023,9,9B_2023,Female
S002536,2023,9,9B_2023,Male
S002537,2023,9,9B_2023,Male
S002538,2023,9,9B_2023,Female
S002539,2023,9,9B_2023,Female
S002540,2023,9,9B_2023,Male
S002541,2023,9,9B_2023,Male
S002542,2023,9,9B_2023,Male
S002543,2023,9,9B_2023,Male
S002544,2023,9,9B_2023,Female
S002545,2023,9,9B_2023,Female
S002546,2023,9,9B_2023,Male
S002547,2023,9,9B_2023,Female
S002548,2023,9,9B_2023,Male
S002549,2023,9,9B_2023,Female
S002550,2023,9,9B_2023,Male
S002551,2023,9,9C_2023,Female
S002552,2023,9,9C_2023,Male
S002553,2023,9,9C_2023,Male
S002554,2023,9,9C_2023,Female
S002555,2023,9,9C_2023,Male
S002556,2023,9,9C_2023,Female
S002557,2023,9,9C_2023,Female
S002558,2023,9,9C_2023,Male
S002559,2023,9,9C_2023,Female
S002560,2023,9,9C_2023,Female
S002561,2023,9,9C_2023,Female
S002562,2023,9,9C_2023,Female
S002563,2023,9,9C_2023,Female
S002564,2023,9,9C_2023,Male
S002565,2023,9,9C_2023,Female
S002566,2023,9,9C_2023,Female
S002567,2023,9,9C_2023,Female
S002568,2023,9,9C_2023,Female
S002569,2023,9,9C_2023,Female
S002570,2023,9,9C_2023,Male
S002571,2023,9,9C_2023,Female
S002572,2023,9,9C_2023,Male
S002573,2023,9,9C_2023,Male
S002574,2023,9,9C_2023,Male
S002575,2023,9,9C_2023,Male
S002576,2023,9,9D_2023,Female
S002577,2023,9,9D_2023,Male
S002578,2023,9,9D_2023,Male
S002579,2023,9,9D_2023,Female
S002580,2023,9,9D_2023,Female
S002581,2023,9,9D_2023,Female
S002582,2023,9,9D_2023,Male
S002583,2023,9,9D_2023,Female
S002584,2023,9,9D_2023,Female
S002585,2023,9,9D_2023,Male
S002586,2023,9,9D_2023,Female
S002587,2023,9,9D_2023,Female
S002588,2023,9,9D_2023,Female
S002589,2023,9,9D_2023,Female
S002590,2023,9,9D_2023,Male
S002591,2023,9,9D_2023,Female
S002592,2023,9,9D_2023,Female
S002593,2023,9,9D_2023,Male
S002594,2023,9,9D_2023,Female
S002595,2023,9,9D_2023,Male
S002596,2023,9,9D_2023,Female
S002597,2023,9,9D_2023,Male
S002598,2023,9,9D_2023,Male
S002599,2023,9,9D_2023,Male
S002600,2023,9,9D_2023,Male
S002601,2023,9,9E_2023,Female
S002602,2023,9,9E_2023,Male
S002603,2023,9,9E_2023,Female
S002604,2023,9,9E_2023,Male
S002605,2023,9,9E_2023,Male
S002606,2023,9,9E_2023,Male
S002607,2023,9,9E_2023,Female
S002608,2023,9,9E_2023,Male
S002609,2023,9,9E_2023,Female
S002610,2023,9,9E_2023,Female
S002611,2023,9,9E_2023,Female
S002612,2023,9,9E_2023,Female
S002613,2023,9,9E_2023,Female
S002614,2023,9,9E_2023,Female
S002615,2023,9,9E_2023,Female
S002616,2023,9,9E_2023,Female
S002617,2023,9,9E_2023,Female
S002618,2023,9,9E_2023,Male
S002619,2023,9,9E_2023,Male
S002620,2023,9,9E_2023,Male
S002621,2023,9,9E_2023,Male
S002622,2023,9,9E_2023,Male
S002623,2023,9,9E_2023,Female
S002624,2023,9,9E_2023,Female
S002625,2023,9,9E_2023,Female
S002626,2023,10,10A_2023,Female
S002627,2023,10,10A_2023,Female
S002628,2023,10,10A_2023,Female
S002629,2023,10,10A_2023,Female
S002630,2023,10,10A_2023,Male
S002631,2023,10,10A_2023,Male
S002632,2023,10,10A_2023,Male
S002633,2023,10,10A_2023,Male
S002634,2023,10,10A_2023,Female
S002635,2023,10,10A_2023,Female
S002636,2023,10,10A_2023,Female
S002637,2023,10,10A_2023,Male
S002638,2023,10,10A_2023,Female
S002639,2023,10,10A_2023,Female
S002640,2023,10,10A_2023,Female
S002641,2023,10,10A_2023,Male
S002642,2023,10,10A_2023,Female
S002643,2023,10,10A_2023,Male
S002644,2023,10,10A_2023,Male
S002645,2023,10,10A_2023,Male
S002646,2023,10,10A_2023,Male
S002647,2023,10,10A_2023,Female
S002648,2023,10,10A_2023,Male
S002649,2023,10,10A_2023,Male
S002650,2023,10,10A_2023,Female
S002651,2023,10,10B_2023,Female
S002652,2023,10,10B_2023,Male
S002653,2023,10,10B_2023,Female
S002654,2023,10,10B_2023,Male
S002655,2023,10,10B_2023,Male
S002656,2023,10,10B_2023,Male
S002657,2023,10,10B_2023,Male
S002658,2023,10,10B_2023,Female
S002659,2023,10,10B_2023,Male
S002660,2023,10,10B_2023,Female
S002661,2023,10,10B_2023,Female
S002662,2023,10,10B_2023,Female
S002663,2023,10,10B_2023,Female
S002664,2023,10,10B_2023,Male
S002665,2023,10,10B_2023,Female
S002666,2023,10,10B_2023,Male
S002667,2023,10,10B_2023,Female
S002668,2023,10,10B_2023,Female
S002669,2023,10,10B_2023,Male
S002670,2023,10,10B_2023,Male
S002671,2023,10,10B_2023,Male
S002672,2023,10,10B_2023,Female
S002673,2023,10,10B_2023,Female
S002674,2023,10,10B_2023,Male
S002675,2023,10,10B_2023,Male
S002676,2023,10,10C_2023,Male
S002677,2023,10,10C_2023,Male
S002678,2023,10,10C_2023,Female
S002679,2023,10,10C_2023,Male
S002680,2023,10,10C_2023,Male
S002681,2023,10,10C_2023,Male
S002682,2023,10,10C_2023,Male
S002683,2023,10,10C_2023,Female
S002684,2023,10,10C_2023,Male
S002685,2023,10,10C_2023,Female
S002686,2023,10,10C_2023,Male
S002687,2023,10,10C_2023,Male
S002688,2023,10,10C_2023,Female
S002689,2023,10,10C_2023,Male
S002690,2023,10,10C_2023,Female
S002691,2023,10,10C_2023,Female
S002692,2023,10,10C_2023,Male
S002693,2023,10,10C_2023,Female
S002694,2023,10,10C_2023,Female
S002695,2023,10,10C_2023,Female
S002696,2023,10,10C_2023,Female
S002697,2023,10,10C_2023,Female
S002698,2023,10,10C_2023,Female
S002699,2023,10,10C_2023,Female
S002700,2023,10,10C_2023,Female
S002701,2023,10,10D_2023,Male
S002702,2023,10,10D_2023,Male
S002703,2023,10,10D_2023,Female
S002704,2023,10,10D_2023,Male
S002705,2023,10,10D_2023,Female
S002706,2023,10,10D_2023,Female
S002707,2023,10,10D_2023,Male
S002708,2023,10,10D_2023,Female
S002709,2023,10,10D_2023,Female
S002710,2023,10,10D_2023,Female
S002711,2023,10,10D_2023,Female
S002712,2023,10,10D_2023,Male
S002713,2023,10,10D_2023,Female
S002714,2023,10,10D_2023,Female
S002715,2023,10,10D_2023,Female
S002716,2023,10,10D_2023,Male
S002717,2023,10,10D_2023,Female
S002718,2023,10,10D_2023,Male
S002719,2023,10,10D_2023,Male
S002720,2023,10,10D_2023,Female
S002721,2023,10,10D_2023,Female
S002722,2023,10,10D_2023,Male
S002723,2023,10,10D_2023,Female
S002724,2023,10,10D_2023,Male
S002725,2023,10,10D_2023,Male
S002726,2023,10,10E_2023,Female
S002727,2023,10,10E_2023,Female
S002728,2023,10,10E_2023,Male
S002729,2023,10,10E_2023,Male
S002730,2023,10,10E_2023,Male
S002731,2023,10,10E_2023,Male
S002732,2023,10,10E_2023,Female
S002733,2023,10,10E_2023,Female
S002734,2023,10,10E_2023,Female
S002735,2023,10,10E_2023,Female
S002736,2023,10,10E_2023,Female
S002737,2023,10,10E_2023,Male
S002738,2023,10,10E_2023,Female
S002739,2023,10,10E_2023,Female
S002740,2023,10,10E_2023,Female
S002741,2023,10,10E_2023,Female
S002742,2023,10,10E_2023,Female
S002743,2023,10,10E_2023,Male
S002744,2023,10,10E_2023,Male
S002745,2023,10,10E_2023,Male
S002746,2023,10,10E_2023,Female
S002747,2023,10,10E_2023,Male
S002748,2023,10,10E_2023,Male
S002749,2023,10,10E_2023,Female
S002750,2023,10,10E_2023,Female
S002751,2023,11,11A_2023,Female
S002752,2023,11,11A_2023,Male
S002753,2023,11,11A_2023,Male
S002754,2023,11,11A_2023,Female
S002755,2023,11,11A_2023,Female
S002756,2023,11,11A_2023,Male
S002757,2023,11,11A_2023,Male
S002758,2023,11,11A_2023,Female
S002759,2023,11,11A_2023,Female
S002760,2023,11,11A_2023,Male
S002761,2023,11,11A_2023,Female
S002762,2023,11,11A_2023,Male
S002763,2023,11,11A_2023,Male
S002764,2023,11,11A_2023,Male
S002765,2023,11,11A_2023,Male
S002766,2023,11,11A_2023,Female
S002767,2023,11,11A_2023,Female
S002768,2023,11,11A_2023,Male
S002769,2023,11,11A_2023,Male
S002770,2023,11,11A_2023,Male
S002771,2023,11,11A_2023,Male
S002772,2023,11,11A_2023,Male
S002773,2023,11,11A_2023,Female
S002774,2023,11,11A_2023,Female
S002775,2023,11,11A_2023,Female
S002776,2023,11,11B_2023,Female
S002777,2023,11,11B_2023,Male
S002778,2023,11,11B_2023,Male
S002779,2023,11,11B_2023,Male
S002780,2023,11,11B_2023,Male
S002781,2023,11,11B_2023,Male
S002782,2023,11,11B_2023,Female
S002783,2023,11,11B_2023,Male
S002784,2023,11,11B_2023,Female
S002785,2023,11,11B_2023,Female
S002786,2023,11,11B_2023,Female
S002787,2023,11,11B_2023,Female
S002788,2023,11,11B_2023,Male
S002789,2023,11,11B_2023,Female
S002790,2023,11,11B_2023,Female
S002791,2023,11,11B_2023,Female
S002792,2023,11,11B_2023,Male
S002793,2023,11,11B_2023,Male
S002794,2023,11,11B_2023,Male
S002795,2023,11,11B_2023,Female
S002796,2023,11,11B_2023,Female
S002797,2023,11,11B_2023,Male
S002798,2023,11,11B_2023,Female
S002799,2023,11,11B_2023,Male
S002800,2023,11,11B_2023,Male
S002801,2023,11,11C_2023,Female
S002802,2023,11,11C_2023,Female
S002803,2023,11,11C_2023,Female
S002804,2023,11,11C_2023,Female
S002805,2023,11,11C_2023,Male
S002806,2023,11,11C_2023,Male
S002807,2023,11,11C_2023,Male
S002808,2023,11,11C_2023,Male
S002809,2023,11,11C_2023,Male
S002810,2023,11,11C_2023,Female
S002811,2023,11,11C_2023,Male
S002812,2023,11,11C_2023,Male
S002813,2023,11,11C_2023,Male
S002814,2023,11,11C_2023,Female
S002815,2023,11,11C_2023,Female
S002816,2023,11,11C_2023,Female
S002817,2023,11,11C_2023,Female
S002818,2023,11,11C_2023,Male
S002819,2023,11,11C_2023,Male
S002820,2023,11,11C_2023,Female
S002821,2023,11,11C_2023,Female
S002822,2023,11,11C_2023,Male
S002823,2023,11,11C_2023,Male
S002824,2023,11,11C_2023,Female
S002825,2023,11,11C_2023,Female
S002826,2023,11,11D_2023,Female
S002827,2023,11,11D_2023,Female
S002828,2023,11,11D_2023,Male
S002829,2023,11,11D_2023,Male
S002830,2023,11,11D_2023,Male
S002831,2023,11,11D_2023,Female
S002832,2023,11,11D_2023,Female
S002833,2023,11,11D_2023,Male
S002834,2023,11,11D_2023,Male
S002835,2023,11,11D_2023,Male
S002836,2023,11,11D_2023,Male
S002837,2023,11,11D_2023,Female
S002838,2023,11,11D_2023,Male
S002839,2023,11,11D_2023,Male
S002840,2023,11,11D_2023,Male
S002841,2023,11,11D_2023,Male
S002842,2023,11,11D_2023,Male
S002843,2023,11,11D_2023,Male
S002844,2023,11,11D_2023,Male
S002845,2023,11,11D_2023,Female
S002846,2023,11,11D_2023,Female
S002847,2023,11,11D_2023,Female
S002848,2023,11,11D_2023,Female
S002849,2023,11,11D_2023,Male
S002850,2023,11,11D_2023,Female
S002851,2023,11,11E_2023,Female
S002852,2023,11,11E_2023,Male
S002853,2023,11,11E_2023,Male
S002854,2023,11,11E_2023,Female
S002855,2023,11,11E_2023,Female
S002856,2023,11,11E_2023,Male
S002857,2023,11,11E_2023,Female
S002858,2023,11,11E_2023,Male
S002859,2023,11,11E_2023,Male
S002860,2023,11,11E_2023,Male
S002861,2023,11,11E_2023,Male
S002862,2023,11,11E_2023,Female
S002863,2023,11,11E_2023,Male
S002864,2023,11,11E_2023,Male
S002865,2023,11,11E_2023,Female
S002866,2023,11,11E_2023,Male
S002867,2023,11,11E_2023,Female
S002868,2023,11,11E_2023,Female
S002869,2023,11,11E_2023,Female
S002870,2023,11,11E_2023,Male
S002871,2023,11,11E_2023,Female
S002872,2023,11,11E_2023,Female
S002873,2023,11,11E_2023,Male
S002874,2023,11,11E_2023,Female
S002875,2023,11,11E_2023,Female
S002876,2023,12,12A_2023,Female
S002877,2023,12,12A_2023,Female
S002878,2023,12,12A_2023,Female
S002879,2023,12,12A_2023,Male
S002880,2023,12,12A_2023,Female
S002881,2023,12,12A_2023,Female
S002882,2023,12,12A_2023,Male
S002883,2023,12,12A_2023,Male
S002884,2023,12,12A_2023,Male
S002885,2023,12,12A_2023,Female
S002886,2023,12,12A_2023,Male
S002887,2023,12,12A_2023,Female
S002888,2023,12,12A_2023,Female
S002889,2023,12,12A_2023,Male
S002890,2023,12,12A_2023,Male
S002891,2023,12,12A_2023,Female
S002892,2023,12,12A_2023,Male
S002893,2023,12,12A_2023,Female
S002894,2023,12,12A_2023,Male
S002895,2023,12,12A_2023,Male
S002896,2023,12,12A_2023,Male
S002897,2023,12,12A_2023,Female
S002898,2023,12,12A_2023,Male
S002899,2023,12,12A_2023,Female
S002900,2023,12,12A_2023,Female
S002901,2023,12,12B_2023,Female
S002902,2023,12,12B_2023,Female
S002903,2023,12,12B_2023,Male
S002904,2023,12,12B_2023,Female
S002905,2023,12,12B_2023,Female
S002906,2023,12,12B_2023,Male
S002907,2023,12,12B_2023,Female
S002908,2023,12,12B_2023,Male
S002909,2023,12,12B_2023,Female
S002910,2023,12,12B_2023,Male
S002911,2023,12,12B_2023,Female
S002912,2023,12,12B_2023,Male
S002913,2023,12,12B_2023,Female
S002914,2023,12,12B_2023,Female
S002915,2023,12,12B_2023,Male
S002916,2023,12,12B_2023,Male
S002917,2023,12,12B_2023,Male
S002918,2023,12,12B_2023,Male
S002919,2023,12,12B_2023,Female
S002920,2023,12,12B_2023,Female
S002921,2023,12,12B_2023,Male
S002922,2023,12,12B_2023,Female
S002923,2023,12,12B_2023,Male
S002924,2023,12,12B_2023,Male
S002925,2023,12,12B_2023,Female
S002926,2023,12,12C_2023,Female
S002927,2023,12,12C_2023,Female
S002928,2023,12,12C_2023,Female
S002929,2023,12,12C_2023,Female
S002930,2023,12,12C_2023,Female
S002931,2023,12,12C_2023,Female
S002932,2023,12,12C_2023,Male
S002933,2023,12,12C_2023,Male
S002934,2023,12,12C_2023,Male
S002935,2023,12,12C_2023,Male
S002936,2023,12,12C_2023,Male
S002937,2023,12,12C_2023,Female
S002938,2023,12,12C_2023,Male
S002939,2023,12,12C_2023,Male
S002940,2023,12,12C_2023,Male
S002941,2023,12,12C_2023,Male
S002942,2023,12,12C_2023,Male
S002943,2023,12,12C_2023,Male
S002944,2023,12,12C_2023,Male
S002945,2023,12,12C_2023,Female
S002946,2023,12,12C_2023,Female
S002947,2023,12,12C_2023,Male
S002948,2023,12,12C_2023,Female
S002949,2023,12,12C_2023,Female
S002950,2023,12,12C_2023,Female
S002951,2023,12,12D_2023,Female
S002952,2023,12,12D_2023,Male
S002953,2023,12,12D_2023,Female
S002954,2023,12,12D_2023,Female
S002955,2023,12,12D_2023,Female
S002956,2023,12,12D_2023,Male
S002957,2023,12,12D_2023,Male
S002958,2023,12,12D_2023,Male
S002959,2023,12,12D_2023,Male
S002960,2023,12,12D_2023,Male
S002961,2023,12,12D_2023,Male
S002962,2023,12,12D_2023,Male
S002963,2023,12,12D_2023,Female
S002964,2023,12,12D_2023,Female
S002965,2023,12,12D_2023,Female
S002966,2023,12,12D_2023,Male
S002967,2023,12,12D_2023,Male
S002968,2023,12,12D_2023,Male
S002969,2023,12,12D_2023,Male
S002970,2023,12,12D_2023,Male
S002971,2023,12,12D_2023,Female
S002972,2023,12,12D_2023,Female
S002973,2023,12,12D_2023,Male
S002974,2023,12,12D_2023,Male
S002975,2023,12,12D_2023,Male
S002976,2023,12,12E_2023,Male
S002977,2023,12,12E_2023,Female
S002978,2023,12,12E_2023,Male
S002979,2023,12,12E_2023,Male
S002980,2023,12,12E_2023,Male
S002981,2023,12,12E_2023,Male
S002982,2023,12,12E_2023,Female
S002983,2023,12,12E_2023,Male
S002984,2023,12,12E_2023,Male
S002985,2023,12,12E_2023,Female
S002986,2023,12,12E_2023,Female
S002987,2023,12,12E_2023,Female
S002988,2023,12,12E_2023,Male
S002989,2023,12,12E_2023,Male
S002990,2023,12,12E_2023,Female
S002991,2023,12,12E_2023,Female
S002992,2023,12,12E_2023,Female
S002993,2023,12,12E_2023,Female
S002994,2023,12,12E_2023,Female
S002995,2023,12,12E_2023,Female
S002996,2023,12,12E_2023,Male
S002997,2023,12,12E_2023,Male
S002998,2023,12,12E_2023,Male
S002999,2023,12,12E_2023,Female
S003000,2023,12,12E_2023,Female
S003001,2024,7,7A_2024,Female
S003002,2024,7,7A_2024,Female
S003003,2024,7,7A_2024,Female
S003004,2024,7,7A_2024,Female
S003005,2024,7,7A_2024,Male
S003006,2024,7,7A_2024,Male
S003007,2024,7,7A_2024,Female
S003008,2024,7,7A_2024,Male
S003009,2024,7,7A_2024,Female
S003010,2024,7,7A_2024,Male
S003011,2024,7,7A_2024,Female
S003012,2024,7,7A_2024,Female
S003013,2024,7,7A_2024,Male
S003014,2024,7,7A_2024,Male
S003015,2024,7,7A_2024,Female
S003016,2024,7,7A_2024,Female
S003017,2024,7,7A_2024,Male
S003018,2024,7,7A_2024,Male
S003019,2024,7,7A_2024,Female
S003020,2024,7,7A_2024,Male
S003021,2024,7,7A_2024,Female
S003022,2024,7,7A_2024,Female
S003023,2024,7,7A_2024,Female
S003024,2024,7,7A_2024,Female
S003025,2024,7,7A_2024,Male
S003026,2024,7,7B_2024,Male
S003027,2024,7,7B_2024,Male
S003028,2024,7,7B_2024,Male
S003029,2024,7,7B_2024,Male
S003030,2024,7,7B_2024,Male
S003031,2024,7,7B_2024,Male
S003032,2024,7,7B_2024,Female
S003033,2024,7,7B_2024,Male
S003034,2024,7,7B_2024,Male
S003035,2024,7,7B_2024,Female
S003036,2024,7,7B_2024,Male
S003037,2024,7,7B_2024,Male
S003038,2024,7,7B_2024,Female
S003039,2024,7,7B_2024,Male
S003040,2024,7,7B_2024,Male
S003041,2024,7,7B_2024,Male
S003042,2024,7,7B_2024,Female
S003043,2024,7,7B_2024,Male
S003044,2024,7,7B_2024,Male
S003045,2024,7,7B_2024,Female
S003046,2024,7,7B_2024,Male
S003047,2024,7,7B_2024,Female
S003048,2024,7,7B_2024,Female
S003049,2024,7,7B_2024,Male
S003050,2024,7,7B_2024,Female
S003051,2024,7,7C_2024,Female
S003052,2024,7,7C_2024,Male
S003053,2024,7,7C_2024,Female
S003054,2024,7,7C_2024,Female
S003055,2024,7,7C_2024,Male
S003056,2024,7,7C_2024,Male
S003057,2024,7,7C_2024,Male
S003058,2024,7,7C_2024,Female
S003059,2024,7,7C_2024,Male
S003060,2024,7,7C_2024,Female
S003061,2024,7,7C_2024,Female
S003062,2024,7,7C_2024,Female
S003063,2024,7,7C_2024,Female
S003064,2024,7,7C_2024,Female
S003065,2024,7,7C_2024,Female
S003066,2024,7,7C_2024,Female
S003067,2024,7,7C_2024,Male
S003068,2024,7,7C_2024,Male
S003069,2024,7,7C_2024,Female
S003070,2024,7,7C_2024,Female
S003071,2024,7,7C_2024,Male
S003072,2024,7,7C_2024,Female
S003073,2024,7,7C_2024,Male
S003074,2024,7,7C_2024,Male
S003075,2024,7,7C_2024,Male
S003076,2024,7,7D_2024,Female
S003077,2024,7,7D_2024,Female
S003078,2024,7,7D_2024,Male
S003079,2024,7,7D_2024,Male
S003080,2024,7,7D_2024,Male
S003081,2024,7,7D_2024,Male
S003082,2024,7,7D_2024,Male
S003083,2024,7,7D_2024,Female
S003084,2024,7,7D_2024,Male
S003085,2024,7,7D_2024,Female
S003086,2024,7,7D_2024,Male
S003087,2024,7,7D_2024,Female
S003088,2024,7,7D_2024,Female
S003089,2024,7,7D_2024,Female
S003090,2024,7,7D_2024,Female
S003091,2024,7,7D_2024,Female
S003092,2024,7,7D_2024,Female
S003093,2024,7,7D_2024,Male
S003094,2024,7,7D_2024,Female
S003095,2024,7,7D_2024,Male
S003096,2024,7,7D_2024,Female
S003097,2024,7,7D_2024,Female
S003098,2024,7,7D_2024,Male
S003099,2024,7,7D_2024,Female
S003100,2024,7,7D_2024,Male
S003101,2024,7,7E_2024,Male
S003102,2024,7,7E_2024,Male
S003103,2024,7,7E_2024,Male
S003104,2024,7,7E_2024,Female
S003105,2024,7,7E_2024,Female
S003106,2024,7,7E_2024,Male
S003107,2024,7,7E_2024,Female
S003108,2024,7,7E_2024,Female
S003109,2024,7,7E_2024,Male
S003110,2024,7,7E_2024,Female
S003111,2024,7,7E_2024,Male
S003112,2024,7,7E_2024,Male
S003113,2024,7,7E_2024,Female
S003114,2024,7,7E_2024,Female
S003115,2024,7,7E_2024,Female
S003116,2024,7,7E_2024,Male
S003117,2024,7,7E_2024,Male
S003118,2024,7,7E_2024,Female
S003119,2024,7,7E_2024,Female
S003120,2024,7,7E_2024,Female
S003121,2024,7,7E_2024,Female
S003122,2024,7,7E_2024,Male
S003123,2024,7,7E_2024,Female
S003124,2024,7,7E_2024,Male
S003125,2024,7,7E_2024,Male
S003126,2024,8,8A_2024,Female
S003127,2024,8,8A_2024,Female
S003128,2024,8,8A_2024,Female
S003129,2024,8,8A_2024,Male
S003130,2024,8,8A_2024,Female
S003131,2024,8,8A_2024,Female
S003132,2024,8,8A_2024,Male
S003133,2024,8,8A_2024,Female
S003134,2024,8,8A_2024,Male
S003135,2024,8,8A_2024,Female
S003136,2024,8,8A_2024,Male
S003137,2024,8,8A_2024,Female
S003138,2024,8,8A_2024,Female
S003139,2024,8,8A_2024,Male
S003140,2024,8,8A_2024,Male
S003141,2024,8,8A_2024,Female
S003142,2024,8,8A_2024,Male
S003143,2024,8,8A_2024,Male
S003144,2024,8,8A_2024,Male
S003145,2024,8,8A_2024,Male
S003146,2024,8,8A_2024,Female
S003147,2024,8,8A_2024,Female
S003148,2024,8,8A_2024,Male
S003149,2024,8,8A_2024,Male
S003150,2024,8,8A_2024,Male
S003151,2024,8,8B_2024,Male
S003152,2024,8,8B_2024,Female
S003153,2024,8,8B_2024,Female
S003154,2024,8,8B_2024,Male
S003155,2024,8,8B_2024,Male
S003156,2024,8,8B_2024,Male
S003157,2024,8,8B_2024,Female
S003158,2024,8,8B_2024,Male
S003159,2024,8,8B_2024,Female
S003160,2024,8,8B_2024,Male
S003161,2024,8,8B_2024,Female
S003162,2024,8,8B_2024,Male
S003163,2024,8,8B_2024,Female
S003164,2024,8,8B_2024,Male
S003165,2024,8,8B_2024,Male
S003166,2024,8,8B_2024,Male
S003167,2024,8,8B_2024,Female
S003168,2024,8,8B_2024,Male
S003169,2024,8,8B_2024,Female
S003170,2024,8,8B_2024,Female
S003171,2024,8,8B_2024,Male
S003172,2024,8,8B_2024,Male
S003173,2024,8,8B_2024,Male
S003174,2024,8,8B_2024,Female
S003175,2024,8,8B_2024,Male
S003176,2024,8,8C_2024,Female
S003177,2024,8,8C_2024,Female
S003178,2024,8,8C_2024,Male
S003179,2024,8,8C_2024,Male
S003180,2024,8,8C_2024,Male
S003181,2024,8,8C_2024,Male
S003182,2024,8,8C_2024,Male
S003183,2024,8,8C_2024,Male
S003184,2024,8,8C_2024,Female
S003185,2024,8,8C_2024,Female
S003186,2024,8,8C_2024,Female
S003187,2024,8,8C_2024,Male
S003188,2024,8,8C_2024,Female
S003189,2024,8,8C_2024,Female
S003190,2024,8,8C_2024,Female
S003191,2024,8,8C_2024,Female
S003192,2024,8,8C_2024,Female
S003193,2024,8,8C_2024,Male
S003194,2024,8,8C_2024,Male
S003195,2024,8,8C_2024,Female
S003196,2024,8,8C_2024,Female
S003197,2024,8,8C_2024,Female
S003198,2024,8,8C_2024,Male
S003199,2024,8,8C_2024,Male
S003200,2024,8,8C_2024,Female
S003201,2024,8,8D_2024,Male
S003202,2024,8,8D_2024,Male
S003203,2024,8,8D_2024,Female
S003204,2024,8,8D_2024,Male
S003205,2024,8,8D_2024,Male
S003206,2024,8,8D_2024,Female
S003207,2024,8,8D_2024,Male
S003208,2024,8,8D_2024,Male
S003209,2024,8,8D_2024,Female
S003210,2024,8,8D_2024,Male
S003211,2024,8,8D_2024,Male
S003212,2024,8,8D_2024,Female
S003213,2024,8,8D_2024,Female
S003214,2024,8,8D_2024,Female
S003215,2024,8,8D_2024,Male
S003216,2024,8,8D_2024,Female
S003217,2024,8,8D_2024,Male
S003218,2024,8,8D_2024,Female
S003219,2024,8,8D_2024,Male
S003220,2024,8,8D_2024,Female
S003221,2024,8,8D_2024,Female
S003222,2024,8,8D_2024,Female
S003223,2024,8,8D_2024,Female
S003224,2024,8,8D_2024,Male
S003225,2024,8,8D_2024,Female
S003226,2024,8,8E_2024,Female
S003227,2024,8,8E_2024,Male
S003228,2024,8,8E_2024,Female
S003229,2024,8,8E_2024,Male
S003230,2024,8,8E_2024,Female
S003231,2024,8,8E_2024,Female
S003232,2024,8,8E_2024,Female
S003233,2024,8,8E_2024,Male
S003234,2024,8,8E_2024,Female
S003235,2024,8,8E_2024,Female
S003236,2024,8,8E_2024,Female
S003237,2024,8,8E_2024,Male
S003238,2024,8,8E_2024,Male
S003239,2024,8,8E_2024,Female
S003240,2024,8,8E_2024,Male
S003241,2024,8,8E_2024,Female
S003242,2024,8,8E_2024,Female
S003243,2024,8,8E_2024,Female
S003244,2024,8,8E_2024,Female
S003245,2024,8,8E_2024,Female
S003246,2024,8,8E_2024,Female
S003247,2024,8,8E_2024,Female
S003248,2024,8,8E_2024,Male
S003249,2024,8,8E_2024,Male
S003250,2024,8,8E_2024,Male
S003251,2024,9,9A_2024,Male
S003252,2024,9,9A_2024,Male
S003253,2024,9,9A_2024,Male
S003254,2024,9,9A_2024,Male
S003255,2024,9,9A_2024,Female
S003256,2024,9,9A_2024,Female
S003257,2024,9,9A_2024,Female
S003258,2024,9,9A_2024,Female
S003259,2024,9,9A_2024,Male
S003260,2024,9,9A_2024,Male
S003261,2024,9,9A_2024,Female
S003262,2024,9,9A_2024,Female
S003263,2024,9,9A_2024,Male
S003264,2024,9,9A_2024,Female
S003265,2024,9,9A_2024,Female
S003266,2024,9,9A_2024,Female
S003267,2024,9,9A_2024,Female
S003268,2024,9,9A_2024,Male
S003269,2024,9,9A_2024,Female
S003270,2024,9,9A_2024,Female
S003271,2024,9,9A_2024,Male
S003272,2024,9,9A_2024,Male
S003273,2024,9,9A_2024,Female
S003274,2024,9,9A_2024,Male
S003275,2024,9,9A_2024,Female
S003276,2024,9,9B_2024,Female
S003277,2024,9,9B_2024,Male
S003278,2024,9,9B_2024,Female
S003279,2024,9,9B_2024,Female
S003280,2024,9,9B_2024,Female
S003281,2024,9,9B_2024,Female
S003282,2024,9,9B_2024,Male
S003283,2024,9,9B_2024,Male
S003284,2024,9,9B_2024,Female
S003285,2024,9,9B_2024,Male
S003286,2024,9,9B_2024,Female
S003287,2024,9,9B_2024,Female
S003288,2024,9,9B_2024,Female
S003289,2024,9,9B_2024,Female
S003290,2024,9,9B_2024,Female
S003291,2024,9,9B_2024,Male
S003292,2024,9,9B_2024,Female
S003293,2024,9,9B_2024,Male
S003294,2024,9,9B_2024,Male
S003295,2024,9,9B_2024,Female
S003296,2024,9,9B_2024,Female
S003297,2024,9,9B_2024,Female
S003298,2024,9,9B_2024,Female
S003299,2024,9,9B_2024,Female
S003300,2024,9,9B_2024,Male
S003301,2024,9,9C_2024,Female
S003302,2024,9,9C_2024,Female
S003303,2024,9,9C_2024,Male
S003304,2024,9,9C_2024,Male
S003305,2024,9,9C_2024,Female
S003306,2024,9,9C_2024,Male
S003307,2024,9,9C_2024,Female
S003308,2024,9,9C_2024,Male
S003309,2024,9,9C_2024,Male
S003310,2024,9,9C_2024,Female
S003311,2024,9,9C_2024,Male
S003312,2024,9,9C_2024,Male
S003313,2024,9,9C_2024,Male
S003314,2024,9,9C_2024,Male
S003315,2024,9,9C_2024,Male
S003316,2024,9,9C_2024,Male
S003317,2024,9,9C_2024,Female
S003318,2024,9,9C_2024,Female
S003319,2024,9,9C_2024,Male
S003320,2024,9,9C_2024,Female
S003321,2024,9,9C_2024,Female
S003322,2024,9,9C_2024,Female
S003323,2024,9,9C_2024,Male
S003324,2024,9,9C_2024,Female
S003325,2024,9,9C_2024,Male
S003326,2024,9,9D_2024,Female
S003327,2024,9,9D_2024,Male
S003328,2024,9,9D_2024,Male
S003329,2024,9,9D_2024,Female
S003330,2024,9,9D_2024,Female
S003331,2024,9,9D_2024,Male
S003332,2024,9,9D_2024,Female
S003333,2024,9,9D_2024,Female
S003334,2024,9,9D_2024,Female
S003335,2024,9,9D_2024,Male
S003336,2024,9,9D_2024,Male
S003337,2024,9,9D_2024,Female
S003338,2024,9,9D_2024,Female
S003339,2024,9,9D_2024,Female
S003340,2024,9,9D_2024,Male
S003341,2024,9,9D_2024,Male
S003342,2024,9,9D_2024,Female
S003343,2024,9,9D_2024,Female
S003344,2024,9,9D_2024,Female
S003345,2024,9,9D_2024,Female
S003346,2024,9,9D_2024,Female
S003347,2024,9,9D_2024,Female
S003348,2024,9,9D_2024,Male
S003349,2024,9,9D_2024,Female
S003350,2024,9,9D_2024,Male
S003351,2024,9,9E_2024,Female
S003352,2024,9,9E_2024,Female
S003353,2024,9,9E_2024,Male
S003354,2024,9,9E_2024,Male
S003355,2024,9,9E_2024,Male
S003356,2024,9,9E_2024,Male
S003357,2024,9,9E_2024,Female
S003358,2024,9,9E_2024,Male
S003359,2024,9,9E_2024,Female
S003360,2024,9,9E_2024,Male
S003361,2024,9,9E_2024,Female
S003362,2024,9,9E_2024,Female
S003363,2024,9,9E_2024,Female
S003364,2024,9,9E_2024,Female
S003365,2024,9,9E_2024,Female
S003366,2024,9,9E_2024,Female
S003367,2024,9,9E_2024,Male
S003368,2024,9,9E_2024,Female
S003369,2024,9,9E_2024,Male
S003370,2024,9,9E_2024,Male
S003371,2024,9,9E_2024,Female
S003372,2024,9,9E_2024,Male
S003373,2024,9,9E_2024,Female
S003374,2024,9,9E_2024,Male
S003375,2024,9,9E_2024,Female
S003376,2024,10,10A_2024,Male
S003377,2024,10,10A_2024,Female
S003378,2024,10,10A_2024,Female
S003379,2024,10,10A_2024,Female
S003380,2024,10,10A_2024,Female
S003381,2024,10,10A_2024,Male
S003382,2024,10,10A_2024,Female
S003383,2024,10,10A_2024,Male
S003384,2024,10,10A_2024,Male
S003385,2024,10,10A_2024,Male
S003386,2024,10,10A_2024,Female
S003387,2024,10,10A_2024,Male
S003388,2024,10,10A_2024,Male
S003389,2024,10,10A_2024,Male
S003390,2024,10,10A_2024,Female
S003391,2024,10,10A_2024,Female
S003392,2024,10,10A_2024,Male
S003393,2024,10,10A_2024,Female
S003394,2024,10,10A_2024,Female
S003395,2024,10,10A_2024,Male
S003396,2024,10,10A_2024,Male
S003397,2024,10,10A_2024,Female
S003398,2024,10,10A_2024,Male
S003399,2024,10,10A_2024,Female
S003400,2024,10,10A_2024,Female
S003401,2024,10,10B_2024,Female
S003402,2024,10,10B_2024,Female
S003403,2024,10,10B_2024,Female
S003404,2024,10,10B_2024,Female
S003405,2024,10,10B_2024,Male
S003406,2024,10,10B_2024,Male
S003407,2024,10,10B_2024,Female
S003408,2024,10,10B_2024,Female
S003409,2024,10,10B_2024,Female
S003410,2024,10,10B_2024,Male
S003411,2024,10,10B_2024,Female
S003412,2024,10,10B_2024,Male
S003413,2024,10,10B_2024,Female
S003414,2024,10,10B_2024,Female
S003415,2024,10,10B_2024,Male
S003416,2024,10,10B_2024,Male
S003417,2024,10,10B_2024,Female
S003418,2024,10,10B_2024,Female
S003419,2024,10,10B_2024,Female
S003420,2024,10,10B_2024,Male
S003421,2024,10,10B_2024,Male
S003422,2024,10,10B_2024,Male
S003423,2024,10,10B_2024,Male
S003424,2024,10,10B_2024,Male
S003425,2024,10,10B_2024,Male
S003426,2024,10,10C_2024,Female
S003427,2024,10,10C_2024,Female
S003428,2024,10,10C_2024,Male
S003429,2024,10,10C_2024,Female
S003430,2024,10,10C_2024,Female
S003431,2024,10,10C_2024,Male
S003432,2024,10,10C_2024,Female
S003433,2024,10,10C_2024,Male
S003434,2024,10,10C_2024,Male
S003435,2024,10,10C_2024,Female
S003436,2024,10,10C_2024,Male
S003437,2024,10,10C_2024,Male
S003438,2024,10,10C_2024,Male
S003439,2024,10,10C_2024,Male
S003440,2024,10,10C_2024,Male
S003441,2024,10,10C_2024,Male
S003442,2024,10,10C_2024,Male
S003443,2024,10,10C_2024,Male
S003444,2024,10,10C_2024,Female
S003445,2024,10,10C_2024,Female
S003446,2024,10,10C_2024,Female
S003447,2024,10,10C_2024,Male
S003448,2024,10,10C_2024,Male
S003449,2024,10,10C_2024,Female
S003450,2024,10,10C_2024,Female
S003451,2024,10,10D_2024,Female
S003452,2024,10,10D_2024,Male
S003453,2024,10,10D_2024,Female
S003454,2024,10,10D_2024,Female
S003455,2024,10,10D_2024,Male
S003456,2024,10,10D_2024,Female
S003457,2024,10,10D_2024,Male
S003458,2024,10,10D_2024,Male
S003459,2024,10,10D_2024,Male
S003460,2024,10,10D_2024,Female
S003461,2024,10,10D_2024,Female
S003462,2024,10,10D_2024,Male
S003463,2024,10,10D_2024,Female
S003464,2024,10,10D_2024,Female
S003465,2024,10,10D_2024,Female
S003466,2024,10,10D_2024,Female
S003467,2024,10,10D_2024,Male
S003468,2024,10,10D_2024,Female
S003469,2024,10,10D_2024,Male
S003470,2024,10,10D_2024,Male
S003471,2024,10,10D_2024,Female
S003472,2024,10,10D_2024,Male
S003473,2024,10,10D_2024,Female
S003474,2024,10,10D_2024,Female
S003475,2024,10,10D_2024,Male
S003476,2024,10,10E_2024,Male
S003477,2024,10,10E_2024,Male
S003478,2024,10,10E_2024,Male
S003479,2024,10,10E_2024,Female
S003480,2024,10,10E_2024,Female
S003481,2024,10,10E_2024,Female
S003482,2024,10,10E_2024,Male
S003483,2024,10,10E_2024,Male
S003484,2024,10,10E_2024,Male
S003485,2024,10,10E_2024,Female
S003486,2024,10,10E_2024,Male
S003487,2024,10,10E_2024,Female
S003488,2024,10,10E_2024,Male
S003489,2024,10,10E_2024,Female
S003490,2024,10,10E_2024,Female
S003491,2024,10,10E_2024,Male
S003492,2024,10,10E_2024,Male
S003493,2024,10,10E_2024,Female
S003494,2024,10,10E_2024,Female
S003495,2024,10,10E_2024,Male
S003496,2024,10,10E_2024,Male
S003497,2024,10,10E_2024,Female
S003498,2024,10,10E_2024,Male
S003499,2024,10,10E_2024,Female
S003500,2024,10,10E_2024,Female
S003501,2024,11,11A_2024,Male
S003502,2024,11,11A_2024,Male
S003503,2024,11,11A_2024,Male
S003504,2024,11,11A_2024,Male
S003505,2024,11,11A_2024,Male
S003506,2024,11,11A_2024,Female
S003507,2024,11,11A_2024,Female
S003508,2024,11,11A_2024,Male
S003509,2024,11,11A_2024,Male
S003510,2024,11,11A_2024,Male
S003511,2024,11,11A_2024,Female
S003512,2024,11,11A_2024,Male
S003513,2024,11,11A_2024,Male
S003514,2024,11,11A_2024,Female
S003515,2024,11,11A_2024,Female
S003516,2024,11,11A_2024,Male
S003517,2024,11,11A_2024,Male
S003518,2024,11,11A_2024,Male
S003519,2024,11,11A_2024,Female
S003520,2024,11,11A_2024,Male
S003521,2024,11,11A_2024,Male
S003522,2024,11,11A_2024,Male
S003523,2024,11,11A_2024,Female
S003524,2024,11,11A_2024,Female
S003525,2024,11,11A_2024,Male
S003526,2024,11,11B_2024,Male
S003527,2024,11,11B_2024,Female
S003528,2024,11,11B_2024,Female
S003529,2024,11,11B_2024,Female
S003530,2024,11,11B_2024,Female
S003531,2024,11,11B_2024,Female
S003532,2024,11,11B_2024,Female
S003533,2024,11,11B_2024,Female
S003534,2024,11,11B_2024,Female
S003535,2024,11,11B_2024,Female
S003536,2024,11,11B_2024,Male
S003537,2024,11,11B_2024,Male
S003538,2024,11,11B_2024,Male
S003539,2024,11,11B_2024,Female
S003540,2024,11,11B_2024,Male
S003541,2024,11,11B_2024,Female
S003542,2024,11,11B_2024,Female
S003543,2024,11,11B_2024,Male
S003544,2024,11,11B_2024,Female
S003545,2024,11,11B_2024,Male
S003546,2024,11,11B_2024,Male
S003547,2024,11,11B_2024,Male
S003548,2024,11,11B_2024,Female
S003549,2024,11,11B_2024,Male
S003550,2024,11,11B_2024,Female
S003551,2024,11,11C_2024,Male
S003552,2024,11,11C_2024,Male
S003553,2024,11,11C_2024,Male
S003554,2024,11,11C_2024,Female
S003555,2024,11,11C_2024,Female
S003556,2024,11,11C_2024,Female
S003557,2024,11,11C_2024,Male
S003558,2024,11,11C_2024,Male
S003559,2024,11,11C_2024,Female
S003560,2024,11,11C_2024,Female
S003561,2024,11,11C_2024,Female
S003562,2024,11,11C_2024,Female
S003563,2024,11,11C_2024,Female
S003564,2024,11,11C_2024,Female
S003565,2024,11,11C_2024,Male
S003566,2024,11,11C_2024,Female
S003567,2024,11,11C_2024,Male
S003568,2024,11,11C_2024,Male
S003569,2024,11,11C_2024,Female
S003570,2024,11,11C_2024,Female
S003571,2024,11,11C_2024,Male
S003572,2024,11,11C_2024,Female
S003573,2024,11,11C_2024,Female
S003574,2024,11,11C_2024,Male
S003575,2024,11,11C_2024,Male
S003576,2024,11,11D_2024,Male
S003577,2024,11,11D_2024,Female
S003578,2024,11,11D_2024,Male
S003579,2024,11,11D_2024,Female
S003580,2024,11,11D_2024,Male
S003581,2024,11,11D_2024,Male
S003582,2024,11,11D_2024,Male
S003583,2024,11,11D_2024,Female
S003584,2024,11,11D_2024,Female
S003585,2024,11,11D_2024,Male
S003586,2024,11,11D_2024,Male
S003587,2024,11,11D_2024,Male
S003588,2024,11,11D_2024,Female
S003589,2024,11,11D_2024,Male
S003590,2024,11,11D_2024,Female
S003591,2024,11,11D_2024,Male
S003592,2024,11,11D_2024,Male
S003593,2024,11,11D_2024,Male
S003594,2024,11,11D_2024,Male
S003595,2024,11,11D_2024,Male
S003596,2024,11,11D_2024,Male
S003597,2024,11,11D_2024,Female
S003598,2024,11,11D_2024,Male
S003599,2024,11,11D_2024,Female
S003600,2024,11,11D_2024,Male
S003601,2024,11,11E_2024,Male
S003602,2024,11,11E_2024,Female
S003603,2024,11,11E_2024,Male
S003604,2024,11,11E_2024,Female
S003605,2024,11,11E_2024,Female
S003606,2024,11,11E_2024,Male
S003607,2024,11,11E_2024,Female
S003608,2024,11,11E_2024,Female
S003609,2024,11,11E_2024,Male
S003610,2024,11,11E_2024,Female
S003611,2024,11,11E_2024,Male
S003612,2024,11,11E_2024,Male
S003613,2024,11,11E_2024,Male
S003614,2024,11,11E_2024,Male
S003615,2024,11,11E_2024,Female
S003616,2024,11,11E_2024,Male
S003617,2024,11,11E_2024,Male
S003618,2024,11,11E_2024,Female
S003619,2024,11,11E_2024,Male
S003620,2024,11,11E_2024,Male
S003621,2024,11,11E_2024,Female
S003622,2024,11,11E_2024,Female
S003623,2024,11,11E_2024,Female
S003624,2024,11,11E_2024,Female
S003625,2024,11,11E_2024,Female
S003626,2024,12,12A_2024,Female
S003627,2024,12,12A_2024,Female
S003628,2024,12,12A_2024,Male
S003629,2024,12,12A_2024,Female
S003630,2024,12,12A_2024,Female
S003631,2024,12,12A_2024,Female
S003632,2024,12,12A_2024,Male
S003633,2024,12,12A_2024,Male
S003634,2024,12,12A_2024,Female
S003635,2024,12,12A_2024,Female
S003636,2024,12,12A_2024,Female
S003637,2024,12,12A_2024,Male
S003638,2024,12,12A_2024,Male
S003639,2024,12,12A_2024,Female
S003640,2024,12,12A_2024,Male
S003641,2024,12,12A_2024,Female
S003642,2024,12,12A_2024,Male
S003643,2024,12,12A_2024,Male
S003644,2024,12,12A_2024,Female
S003645,2024,12,12A_2024,Female
S003646,2024,12,12A_2024,Female
S003647,2024,12,12A_2024,Female
S003648,2024,12,12A_2024,Male
S003649,2024,12,12A_2024,Male
S003650,2024,12,12A_2024,Male
S003651,2024,12,12B_2024,Female
S003652,2024,12,12B_2024,Male
S003653,2024,12,12B_2024,Female
S003654,2024,12,12B_2024,Male
S003655,2024,12,12B_2024,Female
S003656,2024,12,12B_2024,Female
S003657,2024,12,12B_2024,Male
S003658,2024,12,12B_2024,Female
S003659,2024,12,12B_2024,Female
S003660,2024,12,12B_2024,Male
S003661,2024,12,12B_2024,Female
S003662,2024,12,12B_2024,Female
S003663,2024,12,12B_2024,Female
S003664,2024,12,12B_2024,Male
S003665,2024,12,12B_2024,Male
S003666,2024,12,12B_2024,Female
S003667,2024,12,12B_2024,Male
S003668,2024,12,12B_2024,Female
S003669,2024,12,12B_2024,Female
S003670,2024,12,12B_2024,Female
S003671,2024,12,12B_2024,Female
S003672,2024,12,12B_2024,Female
S003673,2024,12,12B_2024,Male
S003674,2024,12,12B_2024,Female
S003675,2024,12,12B_2024,Male
S003676,2024,12,12C_2024,Male
S003677,2024,12,12C_2024,Female
S003678,2024,12,12C_2024,Female
S003679,2024,12,12C_2024,Male
S003680,2024,12,12C_2024,Male
S003681,2024,12,12C_2024,Male
S003682,2024,12,12C_2024,Female
S003683,2024,12,12C_2024,Male
S003684,2024,12,12C_2024,Female
S003685,2024,12,12C_2024,Female
S003686,2024,12,12C_2024,Female
S003687,2024,12,12C_2024,Male
S003688,2024,12,12C_2024,Female
S003689,2024,12,12C_2024,Female
S003690,2024,12,12C_2024,Female
S003691,2024,12,12C_2024,Female
S003692,2024,12,12C_2024,Female
S003693,2024,12,12C_2024,Male
S003694,2024,12,12C_2024,Female
S003695,2024,12,12C_2024,Female
S003696,2024,12,12C_2024,Male
S003697,2024,12,12C_2024,Female
S003698,2024,12,12C_2024,Male
S003699,2024,12,12C_2024,Female
S003700,2024,12,12C_2024,Male
S003701,2024,12,12D_2024,Male
S003702,2024,12,12D_2024,Female
S003703,2024,12,12D_2024,Female
S003704,2024,12,12D_2024,Female
S003705,2024,12,12D_2024,Male
S003706,2024,12,12D_2024,Male
S003707,2024,12,12D_2024,Male
S003708,2024,12,12D_2024,Female
S003709,2024,12,12D_2024,Male
S003710,2024,12,12D_2024,Male
S003711,2024,12,12D_2024,Female
S003712,2024,12,12D_2024,Male
S003713,2024,12,12D_2024,Male
S003714,2024,12,12D_2024,Female
S003715,2024,12,12D_2024,Male
S003716,2024,12,12D_2024,Female
S003717,2024,12,12D_2024,Female
S003718,2024,12,12D_2024,Female
S003719,2024,12,12D_2024,Female
S003720,2024,12,12D_2024,Female
S003721,2024,12,12D_2024,Male
S003722,2024,12,12D_2024,Male
S003723,2024,12,12D_2024,Female
S003724,2024,12,12D_2024,Female
S003725,2024,12,12D_2024,Male
S003726,2024,12,12E_2024,Female
S003727,2024,12,12E_2024,Female
S003728,2024,12,12E_2024,Female
S003729,2024,12,12E_2024,Male
S003730,2024,12,12E_2024,Male
S003731,2024,12,12E_2024,Female
S003732,2024,12,12E_2024,Female
S003733,2024,12,12E_2024,Male
S003734,2024,12,12E_2024,Male
S003735,2024,12,12E_2024,Female
S003736,2024,12,12E_2024,Female
S003737,2024,12,12E_2024,Male
S003738,2024,12,12E_2024,Male
S003739,2024,12,12E_2024,Male
S003740,2024,12,12E_2024,Female
S003741,2024,12,12E_2024,Male
S003742,2024,12,12E_2024,Female
S003743,2024,12,12E_2024,Male
S003744,2024,12,12E_2024,Male
S003745,2024,12,12E_2024,Male
S003746,2024,12,12E_2024,Male
S003747,2024,12,12E_2024,Female
S003748,2024,12,12E_2024,Female
S003749,2024,12,12E_2024,Male
S003750,2024,12,12E_2024,Female
S003751,2025,7,7A_2025,Male
S003752,2025,7,7A_2025,Male
S003753,2025,7,7A_2025,Male
S003754,2025,7,7A_2025,Male
S003755,2025,7,7A_2025,Female
S003756,2025,7,7A_2025,Male
S003757,2025,7,7A_2025,Male
S003758,2025,7,7A_2025,Female
S003759,2025,7,7A_2025,Male
S003760,2025,7,7A_2025,Male
S003761,2025,7,7A_2025,Male
S003762,2025,7,7A_2025,Female
S003763,2025,7,7A_2025,Male
S003764,2025,7,7A_2025,Female
S003765,2025,7,7A_2025,Male
S003766,2025,7,7A_2025,Male
S003767,2025,7,7A_2025,Female
S003768,2025,7,7A_2025,Male
S003769,2025,7,7A_2025,Male
S003770,2025,7,7A_2025,Female
S003771,2025,7,7A_2025,Female
S003772,2025,7,7A_2025,Female
S003773,2025,7,7A_2025,Female
S003774,2025,7,7A_2025,Female
S003775,2025,7,7A_2025,Male
S003776,2025,7,7B_2025,Female
S003777,2025,7,7B_2025,Male
S003778,2025,7,7B_2025,Male
S003779,2025,7,7B_2025,Male
S003780,2025,7,7B_2025,Female
S003781,2025,7,7B_2025,Female
S003782,2025,7,7B_2025,Male
S003783,2025,7,7B_2025,Female
S003784,2025,7,7B_2025,Female
S003785,2025,7,7B_2025,Female
S003786,2025,7,7B_2025,Female
S003787,2025,7,7B_2025,Male
S003788,2025,7,7B_2025,Male
S003789,2025,7,7B_2025,Female
S003790,2025,7,7B_2025,Male
S003791,2025,7,7B_2025,Female
S003792,2025,7,7B_2025,Female
S003793,2025,7,7B_2025,Male
S003794,2025,7,7B_2025,Male
S003795,2025,7,7B_2025,Male
S003796,2025,7,7B_2025,Female
S003797,2025,7,7B_2025,Male
S003798,2025,7,7B_2025,Female
S003799,2025,7,7B_2025,Male
S003800,2025,7,7B_2025,Male
S003801,2025,7,7C_2025,Female
S003802,2025,7,7C_2025,Female
S003803,2025,7,7C_2025,Female
S003804,2025,7,7C_2025,Female
S003805,2025,7,7C_2025,Female
S003806,2025,7,7C_2025,Female
S003807,2025,7,7C_2025,Female
S003808,2025,7,7C_2025,Female
S003809,2025,7,7C_2025,Male
S003810,2025,7,7C_2025,Female
S003811,2025,7,7C_2025,Female
S003812,2025,7,7C_2025,Male
S003813,2025,7,7C_2025,Female
S003814,2025,7,7C_2025,Male
S003815,2025,7,7C_2025,Male
S003816,2025,7,7C_2025,Female
S003817,2025,7,7C_2025,Male
S003818,2025,7,7C_2025,Female
S003819,2025,7,7C_2025,Male
S003820,2025,7,7C_2025,Male
S003821,2025,7,7C_2025,Male
S003822,2025,7,7C_2025,Female
S003823,2025,7,7C_2025,Female
S003824,2025,7,7C_2025,Male
S003825,2025,7,7C_2025,Male
S003826,2025,7,7D_2025,Female
S003827,2025,7,7D_2025,Female
S003828,2025,7,7D_2025,Male
S003829,2025,7,7D_2025,Male
S003830,2025,7,7D_2025,Female
S003831,2025,7,7D_2025,Female
S003832,2025,7,7D_2025,Female
S003833,2025,7,7D_2025,Female
S003834,2025,7,7D_2025,Female
S003835,2025,7,7D_2025,Male
S003836,2025,7,7D_2025,Female
S003837,2025,7,7D_2025,Male
S003838,2025,7,7D_2025,Female
S003839,2025,7,7D_2025,Male
S003840,2025,7,7D_2025,Female
S003841,2025,7,7D_2025,Female
S003842,2025,7,7D_2025,Male
S003843,2025,7,7D_2025,Male
S003844,2025,7,7D_2025,Female
S003845,2025,7,7D_2025,Female
S003846,2025,7,7D_2025,Female
S003847,2025,7,7D_2025,Female
S003848,2025,7,7D_2025,Female
S003849,2025,7,7D_2025,Male
S003850,2025,7,7D_2025,Male
S003851,2025,7,7E_2025,Female
S003852,2025,7,7E_2025,Male
S003853,2025,7,7E_2025,Male
S003854,2025,7,7E_2025,Male
S003855,2025,7,7E_2025,Female
S003856,2025,7,7E_2025,Male
S003857,2025,7,7E_2025,Female
S003858,2025,7,7E_2025,Male
S003859,2025,7,7E_2025,Female
S003860,2025,7,7E_2025,Male
S003861,2025,7,7E_2025,Female
S003862,2025,7,7E_2025,Female
S003863,2025,7,7E_2025,Male
S003864,2025,7,7E_2025,Female
S003865,2025,7,7E_2025,Female
S003866,2025,7,7E_2025,Female
S003867,2025,7,7E_2025,Female
S003868,2025,7,7E_2025,Female
S003869,2025,7,7E_2025,Female
S003870,2025,7,7E_2025,Female
S003871,2025,7,7E_2025,Female
S003872,2025,7,7E_2025,Male
S003873,2025,7,7E_2025,Male
S003874,2025,7,7E_2025,Female
S003875,2025,7,7E_2025,Female
S003876,2025,8,8A_2025,Male
S003877,2025,8,8A_2025,Male
S003878,2025,8,8A_2025,Male
S003879,2025,8,8A_2025,Female
S003880,2025,8,8A_2025,Male
S003881,2025,8,8A_2025,Female
S003882,2025,8,8A_2025,Female
S003883,2025,8,8A_2025,Male
S003884,2025,8,8A_2025,Female
S003885,2025,8,8A_2025,Female
S003886,2025,8,8A_2025,Female
S003887,2025,8,8A_2025,Female
S003888,2025,8,8A_2025,Male
S003889,2025,8,8A_2025,Male
S003890,2025,8,8A_2025,Female
S003891,2025,8,8A_2025,Female
S003892,2025,8,8A_2025,Male
S003893,2025,8,8A_2025,Female
S003894,2025,8,8A_2025,Male
S003895,2025,8,8A_2025,Female
S003896,2025,8,8A_2025,Female
S003897,2025,8,8A_2025,Male
S003898,2025,8,8A_2025,Male
S003899,2025,8,8A_2025,Male
S003900,2025,8,8A_2025,Male
S003901,2025,8,8B_2025,Female
S003902,2025,8,8B_2025,Male
S003903,2025,8,8B_2025,Female
S003904,2025,8,8B_2025,Male
S003905,2025,8,8B_2025,Male
S003906,2025,8,8B_2025,Female
S003907,2025,8,8B_2025,Male
S003908,2025,8,8B_2025,Male
S003909,2025,8,8B_2025,Male
S003910,2025,8,8B_2025,Male
S003911,2025,8,8B_2025,Female
S003912,2025,8,8B_2025,Female
S003913,2025,8,8B_2025,Male
S003914,2025,8,8B_2025,Male
S003915,2025,8,8B_2025,Male
S003916,2025,8,8B_2025,Female
S003917,2025,8,8B_2025,Female
S003918,2025,8,8B_2025,Female
S003919,2025,8,8B_2025,Female
S003920,2025,8,8B_2025,Male
S003921,2025,8,8B_2025,Male
S003922,2025,8,8B_2025,Male
S003923,2025,8,8B_2025,Female
S003924,2025,8,8B_2025,Male
S003925,2025,8,8B_2025,Female
S003926,2025,8,8C_2025,Female
S003927,2025,8,8C_2025,Male
S003928,2025,8,8C_2025,Male
S003929,2025,8,8C_2025,Male
S003930,2025,8,8C_2025,Female
S003931,2025,8,8C_2025,Female
S003932,2025,8,8C_2025,Male
S003933,2025,8,8C_2025,Male
S003934,2025,8,8C_2025,Female
S003935,2025,8,8C_2025,Male
S003936,2025,8,8C_2025,Female
S003937,2025,8,8C_2025,Female
S003938,2025,8,8C_2025,Male
S003939,2025,8,8C_2025,Male
S003940,2025,8,8C_2025,Male
S003941,2025,8,8C_2025,Male
S003942,2025,8,8C_2025,Female
S003943,2025,8,8C_2025,Female
S003944,2025,8,8C_2025,Female
S003945,2025,8,8C_2025,Male
S003946,2025,8,8C_2025,Female
S003947,2025,8,8C_2025,Male
S003948,2025,8,8C_2025,Male
S003949,2025,8,8C_2025,Male
S003950,2025,8,8C_2025,Male
S003951,2025,8,8D_2025,Male
S003952,2025,8,8D_2025,Male
S003953,2025,8,8D_2025,Female
S003954,2025,8,8D_2025,Male
S003955,2025,8,8D_2025,Female
S003956,2025,8,8D_2025,Female
S003957,2025,8,8D_2025,Male
S003958,2025,8,8D_2025,Male
S003959,2025,8,8D_2025,Male
S003960,2025,8,8D_2025,Female
S003961,2025,8,8D_2025,Male
S003962,2025,8,8D_2025,Female
S003963,2025,8,8D_2025,Male
S003964,2025,8,8D_2025,Male
S003965,2025,8,8D_2025,Female
S003966,2025,8,8D_2025,Female
S003967,2025,8,8D_2025,Male
S003968,2025,8,8D_2025,Female
S003969,2025,8,8D_2025,Female
S003970,2025,8,8D_2025,Female
S003971,2025,8,8D_2025,Female
S003972,2025,8,8D_2025,Female
S003973,2025,8,8D_2025,Male
S003974,2025,8,8D_2025,Male
S003975,2025,8,8D_2025,Female
S003976,2025,8,8E_2025,Male
S003977,2025,8,8E_2025,Male
S003978,2025,8,8E_2025,Female
S003979,2025,8,8E_2025,Male
S003980,2025,8,8E_2025,Female
S003981,2025,8,8E_2025,Female
S003982,2025,8,8E_2025,Male
S003983,2025,8,8E_2025,Female
S003984,2025,8,8E_2025,Female
S003985,2025,8,8E_2025,Female
S003986,2025,8,8E_2025,Female
S003987,2025,8,8E_2025,Female
S003988,2025,8,8E_2025,Male
S003989,2025,8,8E_2025,Male
S003990,2025,8,8E_2025,Female
S003991,2025,8,8E_2025,Female
S003992,2025,8,8E_2025,Male
S003993,2025,8,8E_2025,Female
S003994,2025,8,8E_2025,Male
S003995,2025,8,8E_2025,Female
S003996,2025,8,8E_2025,Female
S003997,2025,8,8E_2025,Female
S003998,2025,8,8E_2025,Female
S003999,2025,8,8E_2025,Female
S004000,2025,8,8E_2025,Female
S004001,2025,9,9A_2025,Female
S004002,2025,9,9A_2025,Male
S004003,2025,9,9A_2025,Male
S004004,2025,9,9A_2025,Male
S004005,2025,9,9A_2025,Female
S004006,2025,9,9A_2025,Female
S004007,2025,9,9A_2025,Female
S004008,2025,9,9A_2025,Female
S004009,2025,9,9A_2025,Female
S004010,2025,9,9A_2025,Female
S004011,2025,9,9A_2025,Female
S004012,2025,9,9A_2025,Male
S004013,2025,9,9A_2025,Female
S004014,2025,9,9A_2025,Male
S004015,2025,9,9A_2025,Male
S004016,2025,9,9A_2025,Female
S004017,2025,9,9A_2025,Female
S004018,2025,9,9A_2025,Male
S004019,2025,9,9A_2025,Male
S004020,2025,9,9A_2025,Female
S004021,2025,9,9A_2025,Female
S004022,2025,9,9A_2025,Male
S004023,2025,9,9A_2025,Female
S004024,2025,9,9A_2025,Female
S004025,2025,9,9A_2025,Female
S004026,2025,9,9B_2025,Male
S004027,2025,9,9B_2025,Male
S004028,2025,9,9B_2025,Male
S004029,2025,9,9B_2025,Female
S004030,2025,9,9B_2025,Female
S004031,2025,9,9B_2025,Male
S004032,2025,9,9B_2025,Male
S004033,2025,9,9B_2025,Male
S004034,2025,9,9B_2025,Female
S004035,2025,9,9B_2025,Male
S004036,2025,9,9B_2025,Male
S004037,2025,9,9B_2025,Female
S004038,2025,9,9B_2025,Female
S004039,2025,9,9B_2025,Female
S004040,2025,9,9B_2025,Male
S004041,2025,9,9B_2025,Female
S004042,2025,9,9B_2025,Female
S004043,2025,9,9B_2025,Male
S004044,2025,9,9B_2025,Female
S004045,2025,9,9B_2025,Male
S004046,2025,9,9B_2025,Male
S004047,2025,9,9B_2025,Female
S004048,2025,9,9B_2025,Female
S004049,2025,9,9B_2025,Female
S004050,2025,9,9B_2025,Female
S004051,2025,9,9C_2025,Female
S004052,2025,9,9C_2025,Female
S004053,2025,9,9C_2025,Male
S004054,2025,9,9C_2025,Male
S004055,2025,9,9C_2025,Female
S004056,2025,9,9C_2025,Male
S004057,2025,9,9C_2025,Female
S004058,2025,9,9C_2025,Male
S004059,2025,9,9C_2025,Male
S004060,2025,9,9C_2025,Male
S004061,2025,9,9C_2025,Female
S004062,2025,9,9C_2025,Male
S004063,2025,9,9C_2025,Female
S004064,2025,9,9C_2025,Male
S004065,2025,9,9C_2025,Male
S004066,2025,9,9C_2025,Male
S004067,2025,9,9C_2025,Male
S004068,2025,9,9C_2025,Male
S004069,2025,9,9C_2025,Female
S004070,2025,9,9C_2025,Female
S004071,2025,9,9C_2025,Male
S004072,2025,9,9C_2025,Male
S004073,2025,9,9C_2025,Male
S004074,2025,9,9C_2025,Male
S004075,2025,9,9C_2025,Female
S004076,2025,9,9D_2025,Male
S004077,2025,9,9D_2025,Female
S004078,2025,9,9D_2025,Male
S004079,2025,9,9D_2025,Female
S004080,2025,9,9D_2025,Male
S004081,2025,9,9D_2025,Male
S004082,2025,9,9D_2025,Female
S004083,2025,9,9D_2025,Male
S004084,2025,9,9D_2025,Male
S004085,2025,9,9D_2025,Male
S004086,2025,9,9D_2025,Female
S004087,2025,9,9D_2025,Male
S004088,2025,9,9D_2025,Male
S004089,2025,9,9D_2025,Female
S004090,2025,9,9D_2025,Female
S004091,2025,9,9D_2025,Female
S004092,2025,9,9D_2025,Male
S004093,2025,9,9D_2025,Male
S004094,2025,9,9D_2025,Male
S004095,2025,9,9D_2025,Female
S004096,2025,9,9D_2025,Male
S004097,2025,9,9D_2025,Male
S004098,2025,9,9D_2025,Female
S004099,2025,9,9D_2025,Female
S004100,2025,9,9D_2025,Female
S004101,2025,9,9E_2025,Female
S004102,2025,9,9E_2025,Female
S004103,2025,9,9E_2025,Male
S004104,2025,9,9E_2025,Female
S004105,2025,9,9E_2025,Male
S004106,2025,9,9E_2025,Male
S004107,2025,9,9E_2025,Female
S004108,2025,9,9E_2025,Female
S004109,2025,9,9E_2025,Female
S004110,2025,9,9E_2025,Male
S004111,2025,9,9E_2025,Female
S004112,2025,9,9E_2025,Female
S004113,2025,9,9E_2025,Female
S004114,2025,9,9E_2025,Female
S004115,2025,9,9E_2025,Female
S004116,2025,9,9E_2025,Male
S004117,2025,9,9E_2025,Male
S004118,2025,9,9E_2025,Male
S004119,2025,9,9E_2025,Female
S004120,2025,9,9E_2025,Female
S004121,2025,9,9E_2025,Female
S004122,2025,9,9E_2025,Male
S004123,2025,9,9E_2025,Female
S004124,2025,9,9E_2025,Female
S004125,2025,9,9E_2025,Female
S004126,2025,10,10A_2025,Male
S004127,2025,10,10A_2025,Female
S004128,2025,10,10A_2025,Male
S004129,2025,10,10A_2025,Female
S004130,2025,10,10A_2025,Male
S004131,2025,10,10A_2025,Male
S004132,2025,10,10A_2025,Male
S004133,2025,10,10A_2025,Female
S004134,2025,10,10A_2025,Female
S004135,2025,10,10A_2025,Male
S004136,2025,10,10A_2025,Male
S004137,2025,10,10A_2025,Female
S004138,2025,10,10A_2025,Female
S004139,2025,10,10A_2025,Male
S004140,2025,10,10A_2025,Female
S004141,2025,10,10A_2025,Female
S004142,2025,10,10A_2025,Female
S004143,2025,10,10A_2025,Female
S004144,2025,10,10A_2025,Male
S004145,2025,10,10A_2025,Female
S004146,2025,10,10A_2025,Female
S004147,2025,10,10A_2025,Male
S004148,2025,10,10A_2025,Male
S004149,2025,10,10A_2025,Female
S004150,2025,10,10A_2025,Female
S004151,2025,10,10B_2025,Female
S004152,2025,10,10B_2025,Female
S004153,2025,10,10B_2025,Male
S004154,2025,10,10B_2025,Male
S004155,2025,10,10B_2025,Male
S004156,2025,10,10B_2025,Female
S004157,2025,10,10B_2025,Female
S004158,2025,10,10B_2025,Female
S004159,2025,10,10B_2025,Female
S004160,2025,10,10B_2025,Male
S004161,2025,10,10B_2025,Male
S004162,2025,10,10B_2025,Female
S004163,2025,10,10B_2025,Male
S004164,2025,10,10B_2025,Female
S004165,2025,10,10B_2025,Female
S004166,2025,10,10B_2025,Male
S004167,2025,10,10B_2025,Female
S004168,2025,10,10B_2025,Female
S004169,2025,10,10B_2025,Male
S004170,2025,10,10B_2025,Female
S004171,2025,10,10B_2025,Female
S004172,2025,10,10B_2025,Male
S004173,2025,10,10B_2025,Female
S004174,2025,10,10B_2025,Male
S004175,2025,10,10B_2025,Female
S004176,2025,10,10C_2025,Male
S004177,2025,10,10C_2025,Male
S004178,2025,10,10C_2025,Male
S004179,2025,10,10C_2025,Female
S004180,2025,10,10C_2025,Male
S004181,2025,10,10C_2025,Male
S004182,2025,10,10C_2025,Male
S004183,2025,10,10C_2025,Male
S004184,2025,10,10C_2025,Male
S004185,2025,10,10C_2025,Female
S004186,2025,10,10C_2025,Female
S004187,2025,10,10C_2025,Female
S004188,2025,10,10C_2025,Female
S004189,2025,10,10C_2025,Female
S004190,2025,10,10C_2025,Female
S004191,2025,10,10C_2025,Female
S004192,2025,10,10C_2025,Male
S004193,2025,10,10C_2025,Female
S004194,2025,10,10C_2025,Male
S004195,2025,10,10C_2025,Male
S004196,2025,10,10C_2025,Female
S004197,2025,10,10C_2025,Male
S004198,2025,10,10C_2025,Male
S004199,2025,10,10C_2025,Male
S004200,2025,10,10C_2025,Male
S004201,2025,10,10D_2025,Female
S004202,2025,10,10D_2025,Female
S004203,2025,10,10D_2025,Female
S004204,2025,10,10D_2025,Female
S004205,2025,10,10D_2025,Female
S004206,2025,10,10D_2025,Female
S004207,2025,10,10D_2025,Female
S004208,2025,10,10D_2025,Female
S004209,2025,10,10D_2025,Female
S004210,2025,10,10D_2025,Female
S004211,2025,10,10D_2025,Male
S004212,2025,10,10D_2025,Female
S004213,2025,10,10D_2025,Male
S004214,2025,10,10D_2025,Male
S004215,2025,10,10D_2025,Male
S004216,2025,10,10D_2025,Male
S004217,2025,10,10D_2025,Female
S004218,2025,10,10D_2025,Male
S004219,2025,10,10D_2025,Female
S004220,2025,10,10D_2025,Female
S004221,2025,10,10D_2025,Male
S004222,2025,10,10D_2025,Female
S004223,2025,10,10D_2025,Male
S004224,2025,10,10D_2025,Male
S004225,2025,10,10D_2025,Female
S004226,2025,10,10E_2025,Female
S004227,2025,10,10E_2025,Male
S004228,2025,10,10E_2025,Female
S004229,2025,10,10E_2025,Female
S004230,2025,10,10E_2025,Female
S004231,2025,10,10E_2025,Male
S004232,2025,10,10E_2025,Male
S004233,2025,10,10E_2025,Female
S004234,2025,10,10E_2025,Female
S004235,2025,10,10E_2025,Female
S004236,2025,10,10E_2025,Female
S004237,2025,10,10E_2025,Female
S004238,2025,10,10E_2025,Male
S004239,2025,10,10E_2025,Female
S004240,2025,10,10E_2025,Male
S004241,2025,10,10E_2025,Female
S004242,2025,10,10E_2025,Male
S004243,2025,10,10E_2025,Female
S004244,2025,10,10E_2025,Male
S004245,2025,10,10E_2025,Female
S004246,2025,10,10E_2025,Male
S004247,2025,10,10E_2025,Male
S004248,2025,10,10E_2025,Male
S004249,2025,10,10E_2025,Male
S004250,2025,10,10E_2025,Male
S004251,2025,11,11A_2025,Male
S004252,2025,11,11A_2025,Female
S004253,2025,11,11A_2025,Male
S004254,2025,11,11A_2025,Female
S004255,2025,11,11A_2025,Female
S004256,2025,11,11A_2025,Female
S004257,2025,11,11A_2025,Female
S004258,2025,11,11A_2025,Female
S004259,2025,11,11A_2025,Male
S004260,2025,11,11A_2025,Male
S004261,2025,11,11A_2025,Male
S004262,2025,11,11A_2025,Female
S004263,2025,11,11A_2025,Male
S004264,2025,11,11A_2025,Male
S004265,2025,11,11A_2025,Male
S004266,2025,11,11A_2025,Male
S004267,2025,11,11A_2025,Male
S004268,2025,11,11A_2025,Female
S004269,2025,11,11A_2025,Male
S004270,2025,11,11A_2025,Female
S004271,2025,11,11A_2025,Female
S004272,2025,11,11A_2025,Female
S004273,2025,11,11A_2025,Female
S004274,2025,11,11A_2025,Female
S004275,2025,11,11A_2025,Male
S004276,2025,11,11B_2025,Male
S004277,2025,11,11B_2025,Male
S004278,2025,11,11B_2025,Female
S004279,2025,11,11B_2025,Male
S004280,2025,11,11B_2025,Male
S004281,2025,11,11B_2025,Female
S004282,2025,11,11B_2025,Female
S004283,2025,11,11B_2025,Female
S004284,2025,11,11B_2025,Female
S004285,2025,11,11B_2025,Male
S004286,2025,11,11B_2025,Female
S004287,2025,11,11B_2025,Female
S004288,2025,11,11B_2025,Male
S004289,2025,11,11B_2025,Male
S004290,2025,11,11B_2025,Female
S004291,2025,11,11B_2025,Male
S004292,2025,11,11B_2025,Female
S004293,2025,11,11B_2025,Female
S004294,2025,11,11B_2025,Male
S004295,2025,11,11B_2025,Male
S004296,2025,11,11B_2025,Female
S004297,2025,11,11B_2025,Female
S004298,2025,11,11B_2025,Female
S004299,2025,11,11B_2025,Male
S004300,2025,11,11B_2025,Female
S004301,2025,11,11C_2025,Female
S004302,2025,11,11C_2025,Female
S004303,2025,11,11C_2025,Female
S004304,2025,11,11C_2025,Female
S004305,2025,11,11C_2025,Male
S004306,2025,11,11C_2025,Female
S004307,2025,11,11C_2025,Female
S004308,2025,11,11C_2025,Female
S004309,2025,11,11C_2025,Female
S004310,2025,11,11C_2025,Male
S004311,2025,11,11C_2025,Male
S004312,2025,11,11C_2025,Male
S004313,2025,11,11C_2025,Female
S004314,2025,11,11C_2025,Female
S004315,2025,11,11C_2025,Male
S004316,2025,11,11C_2025,Male
S004317,2025,11,11C_2025,Male
S004318,2025,11,11C_2025,Female
S004319,2025,11,11C_2025,Female
S004320,2025,11,11C_2025,Male
S004321,2025,11,11C_2025,Male
S004322,2025,11,11C_2025,Male
S004323,2025,11,11C_2025,Female
S004324,2025,11,11C_2025,Female
S004325,2025,11,11C_2025,Female
S004326,2025,11,11D_2025,Male
S004327,2025,11,11D_2025,Male
S004328,2025,11,11D_2025,Female
S004329,2025,11,11D_2025,Male
S004330,2025,11,11D_2025,Female
S004331,2025,11,11D_2025,Male
S004332,2025,11,11D_2025,Male
S004333,2025,11,11D_2025,Male
S004334,2025,11,11D_2025,Male
S004335,2025,11,11D_2025,Female
S004336,2025,11,11D_2025,Male
S004337,2025,11,11D_2025,Female
S004338,2025,11,11D_2025,Female
S004339,2025,11,11D_2025,Female
S004340,2025,11,11D_2025,Male
S004341,2025,11,11D_2025,Female
S004342,2025,11,11D_2025,Female
S004343,2025,11,11D_2025,Female
S004344,2025,11,11D_2025,Male
S004345,2025,11,11D_2025,Male
S004346,2025,11,11D_2025,Female
S004347,2025,11,11D_2025,Male
S004348,2025,11,11D_2025,Female
S004349,2025,11,11D_2025,Female
S004350,2025,11,11D_2025,Male
S004351,2025,11,11E_2025,Female
S004352,2025,11,11E_2025,Male
S004353,2025,11,11E_2025,Male
S004354,2025,11,11E_2025,Female
S004355,2025,11,11E_2025,Male
S004356,2025,11,11E_2025,Male
S004357,2025,11,11E_2025,Female
S004358,2025,11,11E_2025,Female
S004359,2025,11,11E_2025,Male
S004360,2025,11,11E_2025,Male
S004361,2025,11,11E_2025,Female
S004362,2025,11,11E_2025,Male
S004363,2025,11,11E_2025,Male
S004364,2025,11,11E_2025,Male
S004365,2025,11,11E_2025,Male
S004366,2025,11,11E_2025,Male
S004367,2025,11,11E_2025,Male
S004368,2025,11,11E_2025,Male
S004369,2025,11,11E_2025,Female
S004370,2025,11,11E_2025,Female
S004371,2025,11,11E_2025,Female
S004372,2025,11,11E_2025,Female
S004373,2025,11,11E_2025,Female
S004374,2025,11,11E_2025,Male
S004375,2025,11,11E_2025,Male
S004376,2025,12,12A_2025,Male
S004377,2025,12,12A_2025,Male
S004378,2025,12,12A_2025,Female
S004379,2025,12,12A_2025,Male
S004380,2025,12,12A_2025,Male
S004381,2025,12,12A_2025,Female
S004382,2025,12,12A_2025,Male
S004383,2025,12,12A_2025,Male
S004384,2025,12,12A_2025,Female
S004385,2025,12,12A_2025,Male
S004386,2025,12,12A_2025,Male
S004387,2025,12,12A_2025,Male
S004388,2025,12,12A_2025,Male
S004389,2025,12,12A_2025,Male
S004390,2025,12,12A_2025,Female
S004391,2025,12,12A_2025,Female
S004392,2025,12,12A_2025,Female
S004393,2025,12,12A_2025,Female
S004394,2025,12,12A_2025,Female
S004395,2025,12,12A_2025,Female
S004396,2025,12,12A_2025,Male
S004397,2025,12,12A_2025,Female
S004398,2025,12,12A_2025,Female
S004399,2025,12,12A_2025,Male
S004400,2025,12,12A_2025,Male
S004401,2025,12,12B_2025,Female
S004402,2025,12,12B_2025,Male
S004403,2025,12,12B_2025,Female
S004404,2025,12,12B_2025,Male
S004405,2025,12,12B_2025,Female
S004406,2025,12,12B_2025,Male
S004407,2025,12,12B_2025,Male
S004408,2025,12,12B_2025,Female
S004409,2025,12,12B_2025,Female
S004410,2025,12,12B_2025,Female
S004411,2025,12,12B_2025,Female
S004412,2025,12,12B_2025,Female
S004413,2025,12,12B_2025,Male
S004414,2025,12,12B_2025,Female
S004415,2025,12,12B_2025,Female
S004416,2025,12,12B_2025,Male
S004417,2025,12,12B_2025,Male
S004418,2025,12,12B_2025,Female
S004419,2025,12,12B_2025,Male
S004420,2025,12,12B_2025,Male
S004421,2025,12,12B_2025,Female
S004422,2025,12,12B_2025,Male
S004423,2025,12,12B_2025,Male
S004424,2025,12,12B_2025,Female
S004425,2025,12,12B_2025,Female
S004426,2025,12,12C_2025,Male
S004427,2025,12,12C_2025,Male
S004428,2025,12,12C_2025,Female
S004429,2025,12,12C_2025,Male
S004430,2025,12,12C_2025,Male
S004431,2025,12,12C_2025,Male
S004432,2025,12,12C_2025,Female
S004433,2025,12,12C_2025,Male
S004434,2025,12,12C_2025,Male
S004435,2025,12,12C_2025,Female
S004436,2025,12,12C_2025,Male
S004437,2025,12,12C_2025,Male
S004438,2025,12,12C_2025,Female
S004439,2025,12,12C_2025,Female
S004440,2025,12,12C_2025,Female
S004441,2025,12,12C_2025,Female
S004442,2025,12,12C_2025,Male
S004443,2025,12,12C_2025,Male
S004444,2025,12,12C_2025,Female
S004445,2025,12,12C_2025,Female
S004446,2025,12,12C_2025,Male
S004447,2025,12,12C_2025,Female
S004448,2025,12,12C_2025,Male
S004449,2025,12,12C_2025,Female
S004450,2025,12,12C_2025,Male
S004451,2025,12,12D_2025,Female
S004452,2025,12,12D_2025,Female
S004453,2025,12,12D_2025,Male
S004454,2025,12,12D_2025,Female
S004455,2025,12,12D_2025,Male
S004456,2025,12,12D_2025,Male
S004457,2025,12,12D_2025,Male
S004458,2025,12,12D_2025,Male
S004459,2025,12,12D_2025,Male
S004460,2025,12,12D_2025,Female
S004461,2025,12,12D_2025,Female
S004462,2025,12,12D_2025,Male
S004463,2025,12,12D_2025,Female
S004464,2025,12,12D_2025,Male
S004465,2025,12,12D_2025,Female
S004466,2025,12,12D_2025,Female
S004467,2025,12,12D_2025,Female
S004468,2025,12,12D_2025,Female
S004469,2025,12,12D_2025,Male
S004470,2025,12,12D_2025,Male
S004471,2025,12,12D_2025,Female
S004472,2025,12,12D_2025,Female
S004473,2025,12,12D_2025,Male
S004474,2025,12,12D_2025,Female
S004475,2025,12,12D_2025,Male
S004476,2025,12,12E_2025,Male
S004477,2025,12,12E_2025,Male
S004478,2025,12,12E_2025,Female
S004479,2025,12,12E_2025,Male
S004480,2025,12,12E_2025,Female
S004481,2025,12,12E_2025,Male
S004482,2025,12,12E_2025,Female
S004483,2025,12,12E_2025,Female
S004484,2025,12,12E_2025,Female
S004485,2025,12,12E_2025,Male
S004486,2025,12,12E_2025,Male
S004487,2025,12,12E_2025,Female
S004488,2025,12,12E_2025,Female
S004489,2025,12,12E_2025,Female
S004490,2025,12,12E_2025,Male
S004491,2025,12,12E_2025,Male
S004492,2025,12,12E_2025,Male
S004493,2025,12,12E_2025,Male
S004494,2025,12,12E_2025,Female
S004495,2025,12,12E_2025,Female
S004496,2025,12,12E_2025,Male
S004497,2025,12,12E_2025,Male
S004498,2025,12,12E_2025,Female
S004499,2025,12,12E_2025,Male
S004500,2025,12,12E_2025,Male
